Date,Open,High,Low,Close,Volume,RuleA_Signal,RuleA_Profit,RuleA_TotalProfit,RuleB_Signal,RuleB_Profit,RuleB_TotalProfit
2024-12-30 17:00:00,40180,40235,40175,40200,3091,1,0.0,0.0,-1,0.0,0.0
2024-12-30 17:01:00,40195,40205,40185,40185,673,1,0.0,0.0,-1,0.0,0.0
2024-12-30 17:02:00,40190,40200,40165,40170,1033,1,-30.0,-30.0,-1,0.0,0.0
2024-12-30 17:03:00,40175,40180,40160,40170,675,1,-15.0,-45.0,-1,30.0,30.0
2024-12-30 17:04:00,40170,40175,40145,40145,970,1,-25.0,-70.0,-1,40.0,70.0
2024-12-30 17:05:00,40150,40170,40145,40165,697,1,-5.0,-75.0,-1,5.0,75.0
2024-12-30 17:06:00,40160,40160,40130,40135,910,1,-10.0,-85.0,-1,35.0,110.0
2024-12-30 17:07:00,40135,40150,40135,40150,632,1,-15.0,-100.0,-1,-5.0,105.0
2024-12-30 17:08:00,40150,40170,40150,40165,559,1,30.0,-70.0,-1,0.0,105.0
2024-12-30 17:09:00,40170,40190,40170,40190,528,1,40.0,-30.0,-1,-55.0,50.0
2024-12-30 17:10:00,40185,40185,40175,40175,348,1,10.0,-20.0,-1,-25.0,25.0
2024-12-30 17:11:00,40175,40190,40165,40180,453,1,-10.0,-30.0,-1,-15.0,10.0
2024-12-30 17:12:00,40180,40200,40180,40200,358,1,25.0,-5.0,-1,-10.0,0.0
2024-12-30 17:13:00,40200,40205,40185,40185,328,1,5.0,0.0,-1,-10.0,-10.0
2024-12-30 17:14:00,40190,40195,40185,40185,180,1,-15.0,-15.0,-1,-5.0,-15.0
2024-12-30 17:15:00,40185,40215,40185,40210,600,1,25.0,10.0,-1,-10.0,-25.0
2024-12-30 17:16:00,40215,40215,40210,40215,229,1,30.0,40.0,-1,-30.0,-55.0
2024-12-30 17:17:00,40215,40215,40200,40200,334,1,-10.0,30.0,-1,-15.0,-70.0
2024-12-30 17:18:00,40200,40205,40195,40200,345,1,-15.0,15.0,-1,10.0,-60.0
2024-12-30 17:19:00,40200,40210,40195,40200,222,1,0.0,15.0,-1,15.0,-45.0
2024-12-30 17:20:00,40200,40205,40200,40205,368,1,5.0,20.0,-1,-5.0,-50.0
2024-12-30 17:21:00,40200,40205,40195,40205,258,1,5.0,25.0,-1,-5.0,-55.0
2024-12-30 17:22:00,40205,40220,40205,40210,455,1,5.0,30.0,-1,-10.0,-65.0
2024-12-30 17:23:00,40210,40220,40210,40220,663,1,15.0,45.0,-1,-15.0,-80.0
2024-12-30 17:24:00,40215,40230,40210,40225,1073,1,15.0,60.0,-1,-20.0,-100.0
2024-12-30 17:25:00,40225,40225,40205,40210,626,1,-10.0,50.0,-1,0.0,-100.0
2024-12-30 17:26:00,40215,40225,40210,40220,293,1,-5.0,45.0,-1,0.0,-100.0
2024-12-30 17:27:00,40220,40225,40200,40205,496,1,-5.0,40.0,-1,20.0,-80.0
2024-12-30 17:28:00,40205,40215,40195,40200,620,1,-20.0,20.0,-1,10.0,-70.0
2024-12-30 17:29:00,40205,40205,40190,40190,506,1,-15.0,5.0,-1,30.0,-40.0
2024-12-30 17:30:00,40190,40210,40185,40190,753,1,-10.0,-5.0,-1,15.0,-25.0
2024-12-30 17:31:00,40190,40195,40165,40165,866,1,-25.0,-30.0,-1,35.0,10.0
2024-12-30 17:32:00,40165,40165,40150,40165,444,1,-25.0,-55.0,-1,25.0,35.0
2024-12-30 17:33:00,40165,40165,40140,40145,494,1,-20.0,-75.0,-1,45.0,80.0
2024-12-30 17:34:00,40145,40145,40145,40145,162,1,-20.0,-95.0,-1,20.0,100.0
2024-12-30 17:35:00,40145,40155,40140,40145,589,1,0.0,-95.0,-1,20.0,120.0
2024-12-30 17:36:00,40145,40150,40140,40145,314,1,0.0,-95.0,-1,0.0,120.0
2024-12-30 17:37:00,40140,40145,40135,40135,309,1,-10.0,-105.0,-1,10.0,130.0
2024-12-30 17:38:00,40135,40140,40130,40135,487,1,-10.0,-115.0,-1,10.0,140.0
2024-12-30 17:39:00,40130,40135,40125,40135,490,1,0.0,-115.0,-1,10.0,150.0
2024-12-30 17:40:00,40140,40140,40120,40125,617,1,-10.0,-125.0,-1,10.0,160.0
2024-12-30 17:41:00,40125,40125,40110,40125,551,1,-10.0,-135.0,-1,10.0,170.0
2024-12-30 17:42:00,40125,40125,40115,40125,218,1,0.0,-135.0,-1,10.0,180.0
2024-12-30 17:43:00,40125,40130,40115,40125,306,1,0.0,-135.0,-1,0.0,180.0
2024-12-30 17:44:00,40130,40135,40115,40120,498,1,-5.0,-140.0,-1,5.0,185.0
2024-12-30 17:45:00,40115,40125,40110,40120,396,1,-5.0,-145.0,-1,5.0,190.0
2024-12-30 17:46:00,40120,40135,40115,40135,286,1,15.0,-130.0,-1,-10.0,180.0
2024-12-30 17:47:00,40135,40135,40115,40120,469,1,0.0,-130.0,-1,0.0,180.0
2024-12-30 17:48:00,40120,40125,40115,40125,198,1,-10.0,-140.0,-1,-5.0,175.0
2024-12-30 17:49:00,40125,40125,40115,40120,298,1,0.0,-140.0,-1,15.0,190.0
2024-12-30 17:50:00,40120,40120,40110,40115,370,1,-10.0,-150.0,-1,5.0,195.0
2024-12-30 17:51:00,40120,40120,40115,40120,235,1,0.0,-150.0,-1,5.0,200.0
2024-12-30 17:52:00,40115,40120,40110,40120,309,1,5.0,-145.0,-1,0.0,200.0
2024-12-30 17:53:00,40125,40130,40125,40130,312,1,10.0,-135.0,-1,-15.0,185.0
2024-12-30 17:54:00,40130,40130,40115,40120,330,1,0.0,-135.0,-1,0.0,185.0
2024-12-30 17:55:00,40115,40120,40110,40115,353,1,-15.0,-150.0,-1,5.0,190.0
2024-12-30 17:56:00,40115,40125,40115,40120,180,1,0.0,-150.0,-1,10.0,200.0
2024-12-30 17:57:00,40120,40135,40120,40135,219,1,20.0,-130.0,-1,-15.0,185.0
2024-12-30 17:58:00,40140,40150,40135,40150,194,1,30.0,-100.0,-1,-35.0,150.0
2024-12-30 17:59:00,40145,40150,40135,40135,211,1,0.0,-100.0,-1,-15.0,135.0
2024-12-30 18:00:00,40135,40140,40120,40120,368,1,-30.0,-130.0,-1,15.0,150.0
2024-12-30 18:01:00,40120,40130,40120,40120,298,1,-15.0,-145.0,-1,30.0,180.0
2024-12-30 18:02:00,40125,40130,40125,40125,192,1,5.0,-140.0,-1,10.0,190.0
2024-12-30 18:03:00,40125,40130,40120,40125,107,1,5.0,-135.0,-1,-5.0,185.0
2024-12-30 18:04:00,40125,40135,40125,40135,279,1,10.0,-125.0,-1,-15.0,170.0
2024-12-30 18:05:00,40135,40150,40135,40145,227,1,20.0,-105.0,-1,-20.0,150.0
2024-12-30 18:06:00,40145,40170,40145,40165,360,1,30.0,-75.0,-1,-40.0,110.0
2024-12-30 18:07:00,40170,40170,40165,40170,229,1,25.0,-50.0,-1,-35.0,75.0
2024-12-30 18:08:00,40170,40170,40165,40170,207,1,5.0,-45.0,-1,-25.0,50.0
2024-12-30 18:09:00,40175,40190,40175,40185,407,1,15.0,-30.0,-1,-20.0,30.0
2024-12-30 18:10:00,40190,40200,40185,40200,126,1,30.0,0.0,-1,-30.0,0.0
2024-12-30 18:11:00,40200,40210,40200,40210,638,1,25.0,25.0,-1,-40.0,-40.0
2024-12-30 18:12:00,40215,40220,40210,40215,442,1,15.0,40.0,-1,-30.0,-70.0
2024-12-30 18:13:00,40215,40220,40210,40210,286,1,0.0,40.0,-1,-10.0,-80.0
2024-12-30 18:14:00,40210,40220,40200,40210,865,1,-5.0,35.0,-1,0.0,-80.0
2024-12-30 18:15:00,40210,40220,40210,40215,421,1,5.0,40.0,-1,0.0,-80.0
2024-12-30 18:16:00,40215,40220,40210,40210,203,1,0.0,40.0,-1,0.0,-80.0
2024-12-30 18:17:00,40215,40215,40195,40205,488,1,-10.0,30.0,-1,5.0,-75.0
2024-12-30 18:18:00,40205,40210,40205,40210,323,1,0.0,30.0,-1,5.0,-70.0
2024-12-30 18:19:00,40210,40210,40190,40190,179,1,-15.0,15.0,-1,20.0,-50.0
2024-12-30 18:20:00,40190,40190,40180,40185,325,1,-25.0,-10.0,-1,20.0,-30.0
2024-12-30 18:21:00,40185,40185,40175,40185,163,1,-5.0,-15.0,-1,25.0,-5.0
2024-12-30 18:22:00,40185,40190,40185,40185,200,1,0.0,-15.0,-1,5.0,0.0
2024-12-30 18:23:00,40190,40190,40180,40180,219,1,-5.0,-20.0,-1,5.0,5.0
2024-12-30 18:24:00,40180,40200,40180,40195,249,1,10.0,-10.0,-1,-10.0,-5.0
2024-12-30 18:25:00,40195,40200,40195,40195,149,1,15.0,5.0,-1,-10.0,-15.0
2024-12-30 18:26:00,40200,40210,40195,40210,319,1,15.0,20.0,-1,-30.0,-45.0
2024-12-30 18:27:00,40210,40215,40205,40205,137,1,10.0,30.0,-1,-10.0,-55.0
2024-12-30 18:28:00,40210,40210,40200,40200,167,1,-10.0,20.0,-1,-5.0,-60.0
2024-12-30 18:29:00,40210,40215,40210,40210,70,1,5.0,25.0,-1,0.0,-60.0
2024-12-30 18:30:00,40210,40215,40210,40215,108,1,15.0,40.0,-1,-10.0,-70.0
2024-12-30 18:31:00,40215,40220,40210,40220,158,1,10.0,50.0,-1,-20.0,-90.0
2024-12-30 18:32:00,40220,40225,40220,40220,77,1,5.0,55.0,-1,-10.0,-100.0
2024-12-30 18:33:00,40220,40230,40220,40220,146,1,0.0,55.0,-1,-5.0,-105.0
2024-12-30 18:34:00,40220,40230,40220,40225,142,1,5.0,60.0,-1,-5.0,-110.0
2024-12-30 18:35:00,40225,40225,40215,40215,125,1,-5.0,55.0,-1,5.0,-105.0
2024-12-30 18:36:00,40215,40220,40210,40220,107,1,-5.0,50.0,-1,0.0,-105.0
2024-12-30 18:37:00,40225,40240,40225,40230,551,1,15.0,65.0,-1,-5.0,-110.0
2024-12-30 18:38:00,40230,40230,40210,40215,357,1,-5.0,60.0,-1,0.0,-110.0
2024-12-30 18:39:00,40215,40215,40205,40210,336,1,-20.0,40.0,-1,10.0,-100.0
2024-12-30 18:40:00,40210,40210,40200,40200,169,1,-15.0,25.0,-1,30.0,-70.0
2024-12-30 18:41:00,40205,40215,40205,40210,139,1,0.0,25.0,-1,5.0,-65.0
2024-12-30 18:42:00,40210,40210,40190,40200,395,1,0.0,25.0,-1,10.0,-55.0
2024-12-30 18:43:00,40195,40195,40195,40195,27,1,-15.0,10.0,-1,5.0,-50.0
2024-12-30 18:44:00,40200,40200,40195,40195,123,1,-5.0,5.0,-1,15.0,-35.0
2024-12-30 18:45:00,40195,40195,40185,40185,158,1,-10.0,-5.0,-1,15.0,-20.0
2024-12-30 18:46:00,40185,40190,40185,40185,164,1,-10.0,-15.0,-1,10.0,-10.0
2024-12-30 18:47:00,40190,40195,40190,40190,49,1,5.0,-10.0,-1,5.0,-5.0
2024-12-30 18:48:00,40190,40195,40190,40190,117,1,5.0,-5.0,-1,-5.0,-10.0
2024-12-30 18:49:00,40190,40200,40190,40195,88,1,5.0,0.0,-1,-10.0,-20.0
2024-12-30 18:50:00,40190,40195,40185,40190,228,1,0.0,0.0,-1,0.0,-20.0
2024-12-30 18:51:00,40190,40190,40175,40175,225,1,-20.0,-20.0,-1,15.0,-5.0
2024-12-30 18:52:00,40175,40180,40175,40175,99,1,-15.0,-35.0,-1,20.0,15.0
2024-12-30 18:53:00,40175,40180,40175,40180,90,1,5.0,-30.0,-1,10.0,25.0
2024-12-30 18:54:00,40180,40180,40175,40180,88,1,5.0,-25.0,-1,-5.0,20.0
2024-12-30 18:55:00,40175,40180,40175,40180,65,1,0.0,-25.0,-1,-5.0,15.0
2024-12-30 18:56:00,40180,40180,40175,40175,112,1,-5.0,-30.0,-1,5.0,20.0
2024-12-30 18:57:00,40180,40185,40175,40185,79,1,5.0,-25.0,-1,-5.0,15.0
2024-12-30 18:58:00,40190,40195,40190,40190,142,1,15.0,-10.0,-1,-10.0,5.0
2024-12-30 18:59:00,40190,40195,40190,40195,80,1,10.0,0.0,-1,-20.0,-15.0
2024-12-30 19:00:00,40195,40205,40195,40200,84,1,10.0,10.0,-1,-15.0,-30.0
2024-12-30 19:01:00,40200,40215,40200,40215,150,1,20.0,30.0,-1,-25.0,-55.0
2024-12-30 19:02:00,40215,40215,40210,40210,156,1,10.0,40.0,-1,-15.0,-70.0
2024-12-30 19:03:00,40210,40210,40200,40210,90,1,-5.0,35.0,-1,-10.0,-80.0
2024-12-30 19:04:00,40210,40210,40210,40210,44,1,0.0,35.0,-1,5.0,-75.0
2024-12-30 19:05:00,40210,40215,40210,40215,110,1,5.0,40.0,-1,-5.0,-80.0
2024-12-30 19:06:00,40215,40220,40205,40210,170,1,0.0,40.0,-1,0.0,-80.0
2024-12-30 19:07:00,40205,40205,40200,40205,64,1,-10.0,30.0,-1,5.0,-75.0
2024-12-30 19:08:00,40200,40205,40195,40195,238,1,-15.0,15.0,-1,20.0,-55.0
2024-12-30 19:09:00,40195,40195,40190,40195,66,1,-10.0,5.0,-1,15.0,-40.0
2024-12-30 19:10:00,40190,40200,40190,40200,150,1,5.0,10.0,-1,5.0,-35.0
2024-12-30 19:11:00,40195,40210,40195,40205,160,1,10.0,20.0,-1,-10.0,-45.0
2024-12-30 19:12:00,40205,40210,40200,40205,61,1,5.0,25.0,-1,-10.0,-55.0
2024-12-30 19:13:00,40210,40210,40210,40210,82,1,5.0,30.0,-1,-10.0,-65.0
2024-12-30 19:14:00,40210,40210,40200,40200,150,1,-5.0,25.0,-1,5.0,-60.0
2024-12-30 19:15:00,40195,40200,40180,40185,366,1,-25.0,0.0,-1,20.0,-40.0
2024-12-30 19:16:00,40185,40190,40185,40190,142,1,-10.0,-10.0,-1,20.0,-20.0
2024-12-30 19:17:00,40185,40185,40170,40170,207,1,-15.0,-25.0,-1,30.0,10.0
2024-12-30 19:18:00,40170,40175,40170,40170,71,1,-20.0,-45.0,-1,15.0,25.0
2024-12-30 19:19:00,40170,40170,40165,40165,60,1,-5.0,-50.0,-1,25.0,50.0
2024-12-30 19:20:00,40165,40185,40165,40180,264,1,10.0,-40.0,-1,-10.0,40.0
2024-12-30 19:21:00,40180,40180,40165,40170,142,1,5.0,-35.0,-1,0.0,40.0
2024-12-30 19:22:00,40170,40180,40170,40170,97,1,-10.0,-45.0,-1,-5.0,35.0
2024-12-30 19:23:00,40175,40175,40170,40170,76,1,0.0,-45.0,-1,10.0,45.0
2024-12-30 19:24:00,40170,40175,40165,40175,42,1,5.0,-40.0,-1,-5.0,40.0
2024-12-30 19:25:00,40175,40180,40175,40175,81,1,5.0,-35.0,-1,-5.0,35.0
2024-12-30 19:26:00,40180,40180,40170,40170,204,1,-5.0,-40.0,-1,0.0,35.0
2024-12-30 19:27:00,40170,40170,40165,40165,13,1,-10.0,-50.0,-1,10.0,45.0
2024-12-30 19:28:00,40165,40170,40160,40160,202,1,-10.0,-60.0,-1,15.0,60.0
2024-12-30 19:29:00,40160,40160,40155,40160,71,1,-5.0,-65.0,-1,10.0,70.0
2024-12-30 19:30:00,40155,40160,40155,40155,151,1,-5.0,-70.0,-1,10.0,80.0
2024-12-30 19:31:00,40155,40160,40155,40155,125,1,-5.0,-75.0,-1,5.0,85.0
2024-12-30 19:32:00,40155,40160,40155,40160,126,1,5.0,-70.0,-1,0.0,85.0
2024-12-30 19:33:00,40160,40160,40155,40155,116,1,0.0,-70.0,-1,0.0,85.0
2024-12-30 19:34:00,40155,40155,40155,40155,66,1,-5.0,-75.0,-1,0.0,85.0
2024-12-30 19:35:00,40155,40155,40135,40140,442,1,-15.0,-90.0,-1,20.0,105.0
2024-12-30 19:36:00,40135,40140,40135,40140,178,1,-15.0,-105.0,-1,15.0,120.0
2024-12-30 19:37:00,40145,40145,40140,40145,155,1,5.0,-100.0,-1,10.0,130.0
2024-12-30 19:38:00,40145,40145,40140,40145,79,1,5.0,-95.0,-1,-5.0,125.0
2024-12-30 19:39:00,40145,40145,40130,40130,127,1,-15.0,-110.0,-1,10.0,135.0
2024-12-30 19:40:00,40135,40140,40130,40140,463,1,-5.0,-115.0,-1,5.0,140.0
2024-12-30 19:41:00,40140,40150,40140,40150,95,1,20.0,-95.0,-1,-5.0,135.0
2024-12-30 19:42:00,40150,40160,40150,40160,136,1,20.0,-75.0,-1,-30.0,105.0
2024-12-30 19:43:00,40155,40170,40155,40165,103,1,15.0,-60.0,-1,-25.0,80.0
2024-12-30 19:44:00,40165,40170,40160,40160,159,1,0.0,-60.0,-1,-10.0,70.0
2024-12-30 19:45:00,40160,40160,40150,40155,47,1,-10.0,-70.0,-1,5.0,75.0
2024-12-30 19:46:00,40160,40160,40155,40155,52,1,-5.0,-75.0,-1,10.0,85.0
2024-12-30 19:47:00,40155,40155,40155,40155,21,1,0.0,-75.0,-1,5.0,90.0
2024-12-30 19:48:00,40155,40155,40155,40155,32,1,0.0,-75.0,-1,0.0,90.0
2024-12-30 19:49:00,40155,40160,40155,40155,43,1,0.0,-75.0,-1,0.0,90.0
2024-12-30 19:50:00,40160,40175,40160,40175,143,1,20.0,-55.0,-1,-20.0,70.0
2024-12-30 19:51:00,40175,40180,40175,40175,85,1,20.0,-35.0,-1,-20.0,50.0
2024-12-30 19:52:00,40175,40180,40175,40175,231,1,0.0,-35.0,-1,-20.0,30.0
2024-12-30 19:53:00,40180,40185,40180,40180,110,1,5.0,-30.0,-1,-5.0,25.0
2024-12-30 19:54:00,40185,40185,40180,40185,155,1,10.0,-20.0,-1,-10.0,15.0
2024-12-30 19:55:00,40190,40190,40180,40185,100,1,5.0,-15.0,-1,-10.0,5.0
2024-12-30 19:56:00,40185,40190,40180,40180,113,1,-5.0,-20.0,-1,0.0,5.0
2024-12-30 19:57:00,40185,40190,40180,40190,230,1,5.0,-15.0,-1,-5.0,0.0
2024-12-30 19:58:00,40190,40200,40190,40195,96,1,15.0,0.0,-1,-10.0,-10.0
2024-12-30 19:59:00,40195,40200,40190,40195,17,1,5.0,5.0,-1,-15.0,-25.0
2024-12-30 20:00:00,40195,40195,40185,40185,302,1,-10.0,-5.0,-1,5.0,-20.0
2024-12-30 20:01:00,40185,40185,40170,40170,171,1,-25.0,-30.0,-1,25.0,5.0
2024-12-30 20:02:00,40170,40180,40170,40180,124,1,-5.0,-35.0,-1,15.0,20.0
2024-12-30 20:03:00,40185,40190,40185,40190,58,1,20.0,-15.0,-1,-5.0,15.0
2024-12-30 20:04:00,40190,40195,40190,40190,40,1,10.0,-5.0,-1,-20.0,-5.0
2024-12-30 20:05:00,40190,40190,40190,40190,127,1,0.0,-5.0,-1,-10.0,-15.0
2024-12-30 20:06:00,40190,40190,40180,40185,58,1,-5.0,-10.0,-1,5.0,-10.0
2024-12-30 20:07:00,40190,40195,40190,40195,108,1,5.0,-5.0,-1,-5.0,-15.0
2024-12-30 20:08:00,40190,40190,40190,40190,6,1,5.0,0.0,-1,0.0,-15.0
2024-12-30 20:09:00,40190,40195,40190,40195,29,1,0.0,0.0,-1,-10.0,-25.0
2024-12-30 20:10:00,40190,40195,40190,40195,18,1,5.0,5.0,-1,0.0,-25.0
2024-12-30 20:11:00,40195,40195,40190,40190,4,1,-5.0,0.0,-1,0.0,-25.0
2024-12-30 20:12:00,40190,40190,40185,40185,101,1,-10.0,-10.0,-1,10.0,-15.0
2024-12-30 20:13:00,40185,40185,40185,40185,26,1,-5.0,-15.0,-1,10.0,-5.0
2024-12-30 20:14:00,40185,40190,40185,40185,14,1,0.0,-15.0,-1,5.0,0.0
2024-12-30 20:15:00,40185,40185,40185,40185,49,1,0.0,-15.0,-1,0.0,0.0
2024-12-30 20:16:00,40190,40190,40185,40190,103,1,5.0,-10.0,-1,-5.0,-5.0
2024-12-30 20:17:00,40190,40190,40185,40185,48,1,0.0,-10.0,-1,0.0,-5.0
2024-12-30 20:18:00,40185,40185,40185,40185,19,1,-5.0,-15.0,-1,0.0,-5.0
2024-12-30 20:19:00,40185,40185,40170,40175,91,1,-10.0,-25.0,-1,15.0,10.0
2024-12-30 20:20:00,40175,40175,40170,40175,28,1,-10.0,-35.0,-1,10.0,20.0
2024-12-30 20:21:00,40175,40175,40170,40170,3,1,-5.0,-40.0,-1,15.0,35.0
2024-12-30 20:22:00,40170,40175,40170,40175,71,1,0.0,-40.0,-1,0.0,35.0
2024-12-30 20:23:00,40180,40190,40175,40190,189,1,20.0,-20.0,-1,-15.0,20.0
2024-12-30 20:24:00,40190,40200,40190,40190,240,1,15.0,-5.0,-1,-20.0,0.0
2024-12-30 20:25:00,40190,40195,40180,40185,77,1,-5.0,-10.0,-1,-10.0,-10.0
2024-12-30 20:26:00,40190,40190,40180,40185,111,1,-5.0,-15.0,-1,5.0,-5.0
2024-12-30 20:27:00,40185,40190,40185,40190,47,1,5.0,-10.0,-1,0.0,-5.0
2024-12-30 20:28:00,40185,40190,40185,40190,36,1,5.0,-5.0,-1,-5.0,-10.0
2024-12-30 20:29:00,40190,40190,40185,40190,21,1,0.0,-5.0,-1,-5.0,-15.0
2024-12-30 20:30:00,40195,40200,40195,40195,76,1,5.0,0.0,-1,-5.0,-20.0
2024-12-30 20:31:00,40195,40195,40190,40195,53,1,5.0,5.0,-1,-5.0,-25.0
2024-12-30 20:32:00,40195,40195,40190,40195,40,1,0.0,5.0,-1,-5.0,-30.0
2024-12-30 20:33:00,40195,40195,40195,40195,6,1,0.0,5.0,-1,0.0,-30.0
2024-12-30 20:34:00,40195,40200,40195,40200,168,1,5.0,10.0,-1,-5.0,-35.0
2024-12-30 20:35:00,40200,40205,40200,40205,44,1,10.0,20.0,-1,-10.0,-45.0
2024-12-30 20:36:00,40205,40205,40200,40205,48,1,5.0,25.0,-1,-10.0,-55.0
2024-12-30 20:37:00,40205,40205,40205,40205,43,1,0.0,25.0,-1,-5.0,-60.0
2024-12-30 20:38:00,40200,40205,40200,40205,8,1,0.0,25.0,-1,0.0,-60.0
2024-12-30 20:39:00,40200,40205,40200,40205,71,1,0.0,25.0,-1,0.0,-60.0
2024-12-30 20:40:00,40200,40205,40195,40205,53,1,0.0,25.0,-1,0.0,-60.0
2024-12-30 20:41:00,40205,40205,40205,40205,60,1,0.0,25.0,-1,0.0,-60.0
2024-12-30 20:42:00,40205,40210,40205,40210,93,1,5.0,30.0,-1,-5.0,-65.0
2024-12-30 20:43:00,40215,40220,40215,40215,147,1,10.0,40.0,-1,-10.0,-75.0
2024-12-30 20:44:00,40215,40215,40210,40210,28,1,0.0,40.0,-1,-5.0,-80.0
2024-12-30 20:45:00,40215,40215,40215,40215,85,1,0.0,40.0,-1,-5.0,-85.0
2024-12-30 20:46:00,40215,40220,40205,40215,183,1,5.0,45.0,-1,0.0,-85.0
2024-12-30 20:47:00,40210,40210,40195,40195,172,1,-20.0,25.0,-1,15.0,-70.0
2024-12-30 20:48:00,40195,40205,40195,40205,36,1,-10.0,15.0,-1,10.0,-60.0
2024-12-30 20:49:00,40205,40205,40200,40200,90,1,5.0,20.0,-1,15.0,-45.0
2024-12-30 20:50:00,40200,40205,40200,40205,65,1,0.0,20.0,-1,-10.0,-55.0
2024-12-30 20:51:00,40205,40205,40205,40205,47,1,5.0,25.0,-1,0.0,-55.0
2024-12-30 20:52:00,40205,40205,40205,40205,38,1,0.0,25.0,-1,-5.0,-60.0
2024-12-30 20:53:00,40205,40205,40205,40205,45,1,0.0,25.0,-1,0.0,-60.0
2024-12-30 20:54:00,40205,40210,40205,40210,45,1,5.0,30.0,-1,-5.0,-65.0
2024-12-30 20:55:00,40205,40210,40200,40200,126,1,-5.0,25.0,-1,5.0,-60.0
2024-12-30 20:56:00,40200,40200,40195,40195,61,1,-15.0,10.0,-1,10.0,-50.0
2024-12-30 20:57:00,40195,40200,40195,40195,58,1,-5.0,5.0,-1,15.0,-35.0
2024-12-30 20:58:00,40195,40200,40195,40195,70,1,0.0,5.0,-1,5.0,-30.0
2024-12-30 20:59:00,40200,40200,40190,40195,91,1,0.0,5.0,-1,0.0,-30.0
2024-12-30 21:00:00,40195,40205,40190,40205,179,1,10.0,15.0,-1,-10.0,-40.0
2024-12-30 21:01:00,40210,40215,40210,40215,182,1,20.0,35.0,-1,-20.0,-60.0
2024-12-30 21:02:00,40215,40225,40215,40225,366,1,20.0,55.0,-1,-30.0,-90.0
2024-12-30 21:03:00,40220,40225,40220,40220,49,1,5.0,60.0,-1,-15.0,-105.0
2024-12-30 21:04:00,40225,40230,40225,40230,91,1,5.0,65.0,-1,-15.0,-120.0
2024-12-30 21:05:00,40230,40230,40215,40215,193,1,-5.0,60.0,-1,10.0,-110.0
2024-12-30 21:06:00,40220,40225,40220,40225,179,1,-5.0,55.0,-1,-5.0,-115.0
2024-12-30 21:07:00,40225,40230,40225,40230,38,1,15.0,70.0,-1,0.0,-115.0
2024-12-30 21:08:00,40230,40235,40230,40235,150,1,10.0,80.0,-1,-20.0,-135.0
2024-12-30 21:09:00,40235,40235,40230,40235,168,1,5.0,85.0,-1,-10.0,-145.0
2024-12-30 21:10:00,40235,40235,40230,40230,126,1,-5.0,80.0,-1,0.0,-145.0
2024-12-30 21:11:00,40230,40230,40230,40230,4,1,-5.0,75.0,-1,5.0,-140.0
2024-12-30 21:12:00,40230,40245,40230,40245,674,1,15.0,90.0,-1,-10.0,-150.0
2024-12-30 21:13:00,40245,40250,40235,40250,364,1,20.0,110.0,-1,-20.0,-170.0
2024-12-30 21:14:00,40245,40260,40245,40255,480,1,10.0,120.0,-1,-25.0,-195.0
2024-12-30 21:15:00,40260,40260,40255,40255,278,1,5.0,125.0,-1,-10.0,-205.0
2024-12-30 21:16:00,40255,40255,40245,40255,357,1,0.0,125.0,-1,-5.0,-210.0
2024-12-30 21:17:00,40255,40260,40250,40255,125,1,0.0,125.0,-1,0.0,-210.0
2024-12-30 21:18:00,40255,40255,40250,40255,309,1,0.0,125.0,-1,0.0,-210.0
2024-12-30 21:19:00,40255,40260,40250,40255,290,1,0.0,125.0,-1,0.0,-210.0
2024-12-30 21:20:00,40260,40265,40260,40260,281,1,5.0,130.0,-1,-5.0,-215.0
2024-12-30 21:21:00,40260,40265,40260,40260,164,1,5.0,135.0,-1,-5.0,-220.0
2024-12-30 21:22:00,40260,40260,40245,40260,281,1,0.0,135.0,-1,-5.0,-225.0
2024-12-30 21:23:00,40255,40260,40250,40250,399,1,-10.0,125.0,-1,10.0,-215.0
2024-12-30 21:24:00,40250,40255,40250,40255,87,1,-5.0,120.0,-1,5.0,-210.0
2024-12-30 21:25:00,40255,40260,40255,40255,208,1,5.0,125.0,-1,5.0,-205.0
2024-12-30 21:26:00,40255,40260,40255,40260,143,1,5.0,130.0,-1,-10.0,-215.0
2024-12-30 21:27:00,40260,40260,40250,40250,114,1,-5.0,125.0,-1,5.0,-210.0
2024-12-30 21:28:00,40260,40260,40255,40255,29,1,-5.0,120.0,-1,0.0,-210.0
2024-12-30 21:29:00,40255,40260,40250,40255,37,1,5.0,125.0,-1,5.0,-205.0
2024-12-30 21:30:00,40255,40260,40245,40245,378,1,-10.0,115.0,-1,5.0,-200.0
2024-12-30 21:31:00,40245,40245,40240,40245,92,1,-10.0,105.0,-1,10.0,-190.0
2024-12-30 21:32:00,40250,40250,40245,40245,41,1,0.0,105.0,-1,10.0,-180.0
2024-12-30 21:33:00,40240,40245,40235,40245,165,1,0.0,105.0,-1,0.0,-180.0
2024-12-30 21:34:00,40245,40250,40240,40245,160,1,0.0,105.0,-1,0.0,-180.0
2024-12-30 21:35:00,40240,40250,40240,40250,93,1,5.0,110.0,-1,-5.0,-185.0
2024-12-30 21:36:00,40250,40250,40245,40250,30,1,5.0,115.0,-1,-5.0,-190.0
2024-12-30 21:37:00,40250,40255,40250,40250,30,1,0.0,115.0,-1,-5.0,-195.0
2024-12-30 21:38:00,40250,40250,40250,40250,106,1,0.0,115.0,-1,0.0,-195.0
2024-12-30 21:39:00,40250,40250,40245,40245,109,1,-5.0,110.0,-1,5.0,-190.0
2024-12-30 21:40:00,40245,40250,40245,40250,62,1,0.0,110.0,-1,0.0,-190.0
2024-12-30 21:41:00,40250,40255,40250,40250,19,1,5.0,115.0,-1,0.0,-190.0
2024-12-30 21:42:00,40250,40255,40250,40255,59,1,5.0,120.0,-1,-10.0,-200.0
2024-12-30 21:43:00,40250,40255,40250,40255,52,1,5.0,125.0,-1,-5.0,-205.0
2024-12-30 21:44:00,40260,40260,40255,40255,11,1,0.0,125.0,-1,-5.0,-210.0
2024-12-30 21:45:00,40255,40265,40255,40265,117,1,10.0,135.0,-1,-10.0,-220.0
2024-12-30 21:46:00,40265,40275,40265,40275,254,1,20.0,155.0,-1,-20.0,-240.0
2024-12-30 21:47:00,40275,40275,40265,40275,240,1,10.0,165.0,-1,-20.0,-260.0
2024-12-30 21:48:00,40275,40275,40270,40270,143,1,-5.0,160.0,-1,-5.0,-265.0
2024-12-30 21:49:00,40270,40275,40265,40270,63,1,-5.0,155.0,-1,5.0,-260.0
2024-12-30 21:50:00,40275,40290,40275,40290,403,1,20.0,175.0,-1,-15.0,-275.0
2024-12-30 21:51:00,40290,40290,40285,40290,36,1,20.0,195.0,-1,-20.0,-295.0
2024-12-30 21:52:00,40285,40290,40280,40285,175,1,-5.0,190.0,-1,-15.0,-310.0
2024-12-30 21:53:00,40290,40290,40285,40285,57,1,-5.0,185.0,-1,5.0,-305.0
2024-12-30 21:54:00,40285,40285,40285,40285,155,1,0.0,185.0,-1,5.0,-300.0
2024-12-30 21:55:00,40285,40290,40285,40285,159,1,0.0,185.0,-1,0.0,-300.0
2024-12-30 21:56:00,40285,40290,40285,40285,24,1,0.0,185.0,-1,0.0,-300.0
2024-12-30 21:57:00,40285,40300,40285,40300,397,1,15.0,200.0,-1,-15.0,-315.0
2024-12-30 21:58:00,40300,40305,40295,40305,246,1,20.0,220.0,-1,-20.0,-335.0
2024-12-30 21:59:00,40305,40305,40295,40300,283,1,0.0,220.0,-1,-15.0,-350.0
2024-12-30 22:00:00,40300,40305,40290,40300,195,1,-5.0,215.0,-1,0.0,-350.0
2024-12-30 22:01:00,40300,40310,40285,40290,436,1,-10.0,205.0,-1,15.0,-335.0
2024-12-30 22:02:00,40290,40295,40290,40295,123,1,-5.0,200.0,-1,5.0,-330.0
2024-12-30 22:03:00,40295,40300,40290,40295,40,1,5.0,205.0,-1,5.0,-325.0
2024-12-30 22:04:00,40295,40295,40285,40290,130,1,-5.0,200.0,-1,0.0,-325.0
2024-12-30 22:05:00,40290,40300,40290,40295,108,1,0.0,200.0,-1,0.0,-325.0
2024-12-30 22:06:00,40290,40290,40285,40285,226,1,-5.0,195.0,-1,10.0,-315.0
2024-12-30 22:07:00,40285,40285,40275,40275,194,1,-20.0,175.0,-1,15.0,-300.0
2024-12-30 22:08:00,40280,40280,40270,40270,168,1,-15.0,160.0,-1,25.0,-275.0
2024-12-30 22:09:00,40265,40270,40265,40265,265,1,-10.0,150.0,-1,20.0,-255.0
2024-12-30 22:10:00,40265,40285,40265,40285,258,1,15.0,165.0,-1,-10.0,-265.0
2024-12-30 22:11:00,40285,40300,40285,40290,284,1,25.0,190.0,-1,-20.0,-285.0
2024-12-30 22:12:00,40290,40310,40290,40305,364,1,20.0,210.0,-1,-40.0,-325.0
2024-12-30 22:13:00,40310,40320,40305,40320,589,1,30.0,240.0,-1,-35.0,-360.0
2024-12-30 22:14:00,40315,40320,40315,40315,178,1,10.0,250.0,-1,-25.0,-385.0
2024-12-30 22:15:00,40315,40325,40310,40325,279,1,5.0,255.0,-1,-20.0,-405.0
2024-12-30 22:16:00,40320,40320,40305,40310,320,1,-5.0,250.0,-1,10.0,-395.0
2024-12-30 22:17:00,40305,40305,40300,40305,157,1,-20.0,230.0,-1,10.0,-385.0
2024-12-30 22:18:00,40305,40305,40305,40305,20,1,-5.0,225.0,-1,20.0,-365.0
2024-12-30 22:19:00,40310,40310,40300,40310,131,1,5.0,230.0,-1,0.0,-365.0
2024-12-30 22:20:00,40310,40320,40310,40320,101,1,15.0,245.0,-1,-15.0,-380.0
2024-12-30 22:21:00,40315,40320,40315,40315,97,1,5.0,250.0,-1,-10.0,-390.0
2024-12-30 22:22:00,40315,40315,40310,40310,53,1,-10.0,240.0,-1,0.0,-390.0
2024-12-30 22:23:00,40310,40315,40305,40310,229,1,-5.0,235.0,-1,10.0,-380.0
2024-12-30 22:24:00,40315,40315,40310,40315,215,1,5.0,240.0,-1,0.0,-380.0
2024-12-30 22:25:00,40310,40315,40310,40315,100,1,5.0,245.0,-1,-5.0,-385.0
2024-12-30 22:26:00,40310,40310,40310,40310,110,1,-5.0,240.0,-1,0.0,-385.0
2024-12-30 22:27:00,40310,40310,40310,40310,19,1,-5.0,235.0,-1,5.0,-380.0
2024-12-30 22:28:00,40315,40315,40310,40315,239,1,5.0,240.0,-1,0.0,-380.0
2024-12-30 22:29:00,40320,40325,40320,40325,186,1,15.0,255.0,-1,-15.0,-395.0
2024-12-30 22:30:00,40320,40325,40315,40315,136,1,0.0,255.0,-1,-5.0,-400.0
2024-12-30 22:31:00,40315,40315,40295,40300,420,1,-25.0,230.0,-1,15.0,-385.0
2024-12-30 22:32:00,40300,40310,40300,40305,188,1,-10.0,220.0,-1,20.0,-365.0
2024-12-30 22:33:00,40305,40305,40290,40290,187,1,-10.0,210.0,-1,25.0,-340.0
2024-12-30 22:34:00,40290,40290,40280,40285,262,1,-20.0,190.0,-1,15.0,-325.0
2024-12-30 22:35:00,40285,40290,40270,40270,167,1,-20.0,170.0,-1,35.0,-290.0
2024-12-30 22:36:00,40270,40295,40270,40295,431,1,10.0,180.0,-1,-5.0,-295.0
2024-12-30 22:37:00,40290,40295,40280,40280,245,1,10.0,190.0,-1,5.0,-290.0
2024-12-30 22:38:00,40280,40280,40275,40280,78,1,-15.0,175.0,-1,-10.0,-300.0
2024-12-30 22:39:00,40280,40280,40270,40275,81,1,-5.0,170.0,-1,20.0,-280.0
2024-12-30 22:40:00,40270,40285,40270,40285,312,1,5.0,175.0,-1,-5.0,-285.0
2024-12-30 22:41:00,40285,40300,40285,40295,332,1,20.0,195.0,-1,-15.0,-300.0
2024-12-30 22:42:00,40290,40290,40280,40285,216,1,0.0,195.0,-1,-10.0,-310.0
2024-12-30 22:43:00,40285,40290,40285,40285,54,1,-10.0,185.0,-1,0.0,-310.0
2024-12-30 22:44:00,40290,40305,40290,40300,339,1,15.0,200.0,-1,-5.0,-315.0
2024-12-30 22:45:00,40300,40305,40295,40295,119,1,10.0,210.0,-1,-10.0,-325.0
2024-12-30 22:46:00,40290,40295,40285,40285,44,1,-15.0,195.0,-1,0.0,-325.0
2024-12-30 22:47:00,40285,40300,40285,40300,250,1,5.0,200.0,-1,0.0,-325.0
2024-12-30 22:48:00,40295,40295,40285,40285,206,1,0.0,200.0,-1,10.0,-315.0
2024-12-30 22:49:00,40280,40280,40275,40280,125,1,-20.0,180.0,-1,5.0,-310.0
2024-12-30 22:50:00,40280,40280,40275,40275,40,1,-10.0,170.0,-1,25.0,-285.0
2024-12-30 22:51:00,40275,40285,40275,40275,63,1,-5.0,165.0,-1,10.0,-275.0
2024-12-30 22:52:00,40280,40285,40280,40280,102,1,5.0,170.0,-1,0.0,-275.0
2024-12-30 22:53:00,40280,40285,40280,40280,138,1,5.0,175.0,-1,-5.0,-280.0
2024-12-30 22:54:00,40280,40285,40280,40285,195,1,5.0,180.0,-1,-10.0,-290.0
2024-12-30 22:55:00,40285,40290,40280,40280,208,1,0.0,180.0,-1,0.0,-290.0
2024-12-30 22:56:00,40280,40285,40280,40285,26,1,0.0,180.0,-1,-5.0,-295.0
2024-12-30 22:57:00,40285,40285,40280,40285,90,1,5.0,185.0,-1,0.0,-295.0
2024-12-30 22:58:00,40285,40290,40285,40285,105,1,0.0,185.0,-1,-5.0,-300.0
2024-12-30 22:59:00,40285,40285,40265,40265,341,1,-20.0,165.0,-1,20.0,-280.0
2024-12-30 23:00:00,40265,40285,40265,40275,250,1,-10.0,155.0,-1,10.0,-270.0
2024-12-30 23:01:00,40275,40275,40265,40265,151,1,0.0,155.0,-1,20.0,-250.0
2024-12-30 23:02:00,40265,40270,40255,40260,290,1,-15.0,140.0,-1,5.0,-245.0
2024-12-30 23:03:00,40260,40260,40250,40250,194,1,-15.0,125.0,-1,25.0,-220.0
2024-12-30 23:04:00,40250,40250,40225,40235,1291,1,-25.0,100.0,-1,30.0,-190.0
2024-12-30 23:05:00,40235,40240,40230,40230,713,1,-20.0,80.0,-1,30.0,-160.0
2024-12-30 23:06:00,40235,40245,40235,40240,175,1,5.0,85.0,-1,10.0,-150.0
2024-12-30 23:07:00,40245,40245,40225,40225,358,1,-5.0,80.0,-1,10.0,-140.0
2024-12-30 23:08:00,40230,40230,40215,40225,352,1,-15.0,65.0,-1,5.0,-135.0
2024-12-30 23:09:00,40225,40230,40220,40230,277,1,5.0,70.0,-1,10.0,-125.0
2024-12-30 23:10:00,40225,40225,40215,40220,90,1,-5.0,65.0,-1,5.0,-120.0
2024-12-30 23:11:00,40220,40220,40210,40210,158,1,-20.0,45.0,-1,15.0,-105.0
2024-12-30 23:12:00,40215,40230,40215,40230,144,1,10.0,55.0,-1,0.0,-105.0
2024-12-30 23:13:00,40230,40230,40220,40225,179,1,15.0,70.0,-1,-5.0,-110.0
2024-12-30 23:14:00,40225,40230,40220,40225,89,1,-5.0,65.0,-1,-15.0,-125.0
2024-12-30 23:15:00,40220,40225,40215,40215,185,1,-10.0,55.0,-1,15.0,-110.0
2024-12-30 23:16:00,40220,40220,40215,40220,65,1,-5.0,50.0,-1,5.0,-105.0
2024-12-30 23:17:00,40220,40220,40205,40205,194,1,-10.0,40.0,-1,20.0,-85.0
2024-12-30 23:18:00,40205,40205,40195,40195,456,1,-25.0,15.0,-1,20.0,-65.0
2024-12-30 23:19:00,40195,40210,40195,40210,118,1,5.0,20.0,-1,10.0,-55.0
2024-12-30 23:20:00,40205,40215,40200,40200,329,1,5.0,25.0,-1,5.0,-50.0
2024-12-30 23:21:00,40195,40195,40190,40195,82,1,-15.0,10.0,-1,0.0,-50.0
2024-12-30 23:22:00,40195,40195,40190,40190,161,1,-10.0,0.0,-1,20.0,-30.0
2024-12-30 23:23:00,40195,40195,40190,40195,43,1,0.0,0.0,-1,5.0,-25.0
2024-12-30 23:24:00,40190,40190,40170,40175,399,1,-15.0,-15.0,-1,20.0,-5.0
2024-12-30 23:25:00,40175,40185,40175,40180,203,1,-15.0,-30.0,-1,10.0,5.0
2024-12-30 23:26:00,40175,40180,40175,40175,239,1,0.0,-30.0,-1,20.0,25.0
2024-12-30 23:27:00,40175,40175,40165,40170,257,1,-10.0,-40.0,-1,5.0,30.0
2024-12-30 23:28:00,40175,40175,40155,40160,382,1,-15.0,-55.0,-1,20.0,50.0
2024-12-30 23:29:00,40160,40165,40160,40165,317,1,-5.0,-60.0,-1,10.0,60.0
2024-12-30 23:30:00,40165,40175,40145,40160,1452,1,0.0,-60.0,-1,10.0,70.0
2024-12-30 23:31:00,40155,40165,40145,40150,586,1,-15.0,-75.0,-1,10.0,80.0
2024-12-30 23:32:00,40155,40165,40150,40150,396,1,-10.0,-85.0,-1,15.0,95.0
2024-12-30 23:33:00,40150,40155,40135,40150,1117,1,0.0,-85.0,-1,10.0,105.0
2024-12-30 23:34:00,40150,40155,40135,40140,499,1,-10.0,-95.0,-1,10.0,115.0
2024-12-30 23:35:00,40135,40150,40135,40135,555,1,-15.0,-110.0,-1,15.0,130.0
2024-12-30 23:36:00,40130,40130,40090,40100,2032,1,-40.0,-150.0,-1,50.0,180.0
2024-12-30 23:37:00,40095,40140,40095,40140,1369,1,5.0,-145.0,-1,0.0,180.0
2024-12-30 23:38:00,40145,40150,40105,40120,892,1,20.0,-125.0,-1,15.0,195.0
2024-12-30 23:39:00,40115,40135,40110,40130,921,1,-10.0,-135.0,-1,-30.0,165.0
2024-12-30 23:40:00,40125,40130,40115,40130,759,1,10.0,-125.0,-1,10.0,175.0
2024-12-30 23:41:00,40130,40150,40125,40140,549,1,10.0,-115.0,-1,-20.0,155.0
2024-12-30 23:42:00,40140,40140,40125,40125,917,1,-5.0,-120.0,-1,5.0,160.0
2024-12-30 23:43:00,40125,40135,40120,40130,488,1,-10.0,-130.0,-1,0.0,160.0
2024-12-30 23:44:00,40125,40125,40105,40105,1153,1,-20.0,-150.0,-1,35.0,195.0
2024-12-30 23:45:00,40105,40115,40090,40105,1164,1,-25.0,-175.0,-1,20.0,215.0
2024-12-30 23:46:00,40100,40115,40095,40115,591,1,10.0,-165.0,-1,15.0,230.0
2024-12-30 23:47:00,40115,40150,40110,40145,1170,1,40.0,-125.0,-1,-40.0,190.0
2024-12-30 23:48:00,40145,40150,40135,40140,693,1,25.0,-100.0,-1,-35.0,155.0
2024-12-30 23:49:00,40135,40140,40130,40130,480,1,-15.0,-115.0,-1,-15.0,140.0
2024-12-30 23:50:00,40135,40135,40105,40120,486,1,-20.0,-135.0,-1,25.0,165.0
2024-12-30 23:51:00,40115,40145,40110,40145,393,1,15.0,-120.0,-1,-5.0,160.0
2024-12-30 23:52:00,40145,40145,40125,40135,394,1,15.0,-105.0,-1,-5.0,155.0
2024-12-30 23:53:00,40135,40145,40125,40125,371,1,-20.0,-125.0,-1,-5.0,150.0
2024-12-30 23:54:00,40125,40130,40115,40120,325,1,-15.0,-140.0,-1,25.0,175.0
2024-12-30 23:55:00,40115,40120,40105,40115,423,1,-10.0,-150.0,-1,20.0,195.0
2024-12-30 23:56:00,40110,40130,40110,40125,293,1,5.0,-145.0,-1,0.0,195.0
2024-12-30 23:57:00,40125,40130,40115,40120,441,1,5.0,-140.0,-1,0.0,195.0
2024-12-30 23:58:00,40115,40130,40115,40125,436,1,0.0,-140.0,-1,-10.0,185.0
2024-12-30 23:59:00,40120,40120,40090,40095,876,1,-25.0,-165.0,-1,30.0,215.0
2024-12-30 00:00:00,40095,40110,40045,40045,1756,1,-80.0,-245.0,-1,75.0,290.0
2024-12-30 00:01:00,40045,40050,39990,40000,2873,1,-95.0,-340.0,-1,125.0,415.0
2024-12-30 00:02:00,40000,40020,40000,40020,863,1,-25.0,-365.0,-1,75.0,490.0
2024-12-30 00:03:00,40015,40045,40005,40010,673,1,10.0,-355.0,-1,35.0,525.0
2024-12-30 00:04:00,40015,40015,39970,39975,1319,1,-45.0,-400.0,-1,25.0,550.0
2024-12-30 00:05:00,39980,39985,39960,39975,1356,1,-35.0,-435.0,-1,45.0,595.0
2024-12-30 00:06:00,39980,40010,39965,40005,1219,1,30.0,-405.0,-1,5.0,600.0
2024-12-30 00:07:00,40005,40015,39975,39975,1008,1,0.0,-405.0,-1,0.0,600.0
2024-12-30 00:08:00,39980,40000,39975,39990,550,1,-15.0,-420.0,-1,-15.0,585.0
2024-12-30 00:09:00,39990,40030,39985,40010,989,1,35.0,-385.0,-1,-5.0,580.0
2024-12-30 00:10:00,40010,40015,39980,39980,558,1,-10.0,-395.0,-1,-5.0,575.0
2024-12-30 00:11:00,39985,39990,39960,39960,796,1,-50.0,-445.0,-1,30.0,605.0
2024-12-30 00:12:00,39965,39980,39940,39965,1035,1,-15.0,-460.0,-1,45.0,650.0
2024-12-30 00:13:00,39970,39985,39965,39975,488,1,15.0,-445.0,-1,5.0,655.0
2024-12-30 00:14:00,39980,39980,39955,39975,580,1,10.0,-435.0,-1,-15.0,640.0
2024-12-30 00:15:00,39980,39980,39955,39955,564,1,-20.0,-455.0,-1,10.0,650.0
2024-12-30 00:16:00,39955,39975,39950,39960,627,1,-15.0,-470.0,-1,15.0,665.0
2024-12-30 00:17:00,39955,39960,39925,39930,1539,1,-25.0,-495.0,-1,45.0,710.0
2024-12-30 00:18:00,39930,39945,39930,39935,741,1,-25.0,-520.0,-1,20.0,730.0
2024-12-30 00:19:00,39930,39955,39930,39945,718,1,15.0,-505.0,-1,15.0,745.0
2024-12-30 00:20:00,39940,39950,39930,39940,711,1,5.0,-500.0,-1,-10.0,735.0
2024-12-30 00:21:00,39940,39985,39935,39960,946,1,15.0,-485.0,-1,-25.0,710.0
2024-12-30 00:22:00,39960,39985,39950,39985,469,1,45.0,-440.0,-1,-40.0,670.0
2024-12-30 00:23:00,39980,40015,39970,39985,1501,1,25.0,-415.0,-1,-45.0,625.0
2024-12-30 00:24:00,39980,39985,39965,39980,556,1,-5.0,-420.0,-1,-20.0,605.0
2024-12-30 00:25:00,39980,39980,39960,39970,692,1,-15.0,-435.0,-1,15.0,620.0
2024-12-30 00:26:00,39965,39985,39965,39975,452,1,-5.0,-440.0,-1,10.0,630.0
2024-12-30 00:27:00,39970,39975,39955,39975,757,1,5.0,-435.0,-1,5.0,635.0
2024-12-30 00:28:00,39965,39975,39940,39945,935,1,-30.0,-465.0,-1,25.0,660.0
2024-12-30 00:29:00,39940,39950,39935,39945,801,1,-30.0,-495.0,-1,30.0,690.0
2024-12-30 00:30:00,39940,39950,39915,39915,794,1,-30.0,-525.0,-1,60.0,750.0
2024-12-30 00:31:00,39920,39935,39910,39915,911,1,-30.0,-555.0,-1,30.0,780.0
2024-12-30 00:32:00,39915,39915,39880,39890,1517,1,-25.0,-580.0,-1,55.0,835.0
2024-12-30 00:33:00,39885,39915,39880,39905,823,1,-10.0,-590.0,-1,10.0,845.0
2024-12-30 00:34:00,39910,39915,39895,39895,665,1,5.0,-585.0,-1,20.0,865.0
2024-12-30 00:35:00,39895,39920,39895,39905,556,1,0.0,-585.0,-1,-15.0,850.0
2024-12-30 00:36:00,39905,39920,39905,39920,544,1,25.0,-560.0,-1,-15.0,835.0
2024-12-30 00:37:00,39920,39935,39910,39935,524,1,30.0,-530.0,-1,-40.0,795.0
2024-12-30 00:38:00,39935,39935,39915,39930,528,1,10.0,-520.0,-1,-25.0,770.0
2024-12-30 00:39:00,39930,39945,39920,39945,515,1,10.0,-510.0,-1,-25.0,745.0
2024-12-30 00:40:00,39940,39940,39915,39925,678,1,-5.0,-515.0,-1,10.0,755.0
2024-12-30 00:41:00,39925,39975,39925,39975,1453,1,30.0,-485.0,-1,-45.0,710.0
2024-12-30 00:42:00,39970,39970,39935,39945,621,1,20.0,-465.0,-1,0.0,710.0
2024-12-30 00:43:00,39945,39965,39940,39960,402,1,-15.0,-480.0,-1,-35.0,675.0
2024-12-30 00:44:00,39960,39970,39945,39955,503,1,10.0,-470.0,-1,20.0,695.0
2024-12-30 00:45:00,39950,40000,39945,39975,1354,1,15.0,-455.0,-1,-30.0,665.0
2024-12-30 00:46:00,39970,39975,39950,39955,414,1,0.0,-455.0,-1,5.0,670.0
2024-12-30 00:47:00,39955,39985,39945,39975,431,1,0.0,-455.0,-1,-20.0,650.0
2024-12-30 00:48:00,39975,40015,39975,40015,1038,1,60.0,-395.0,-1,-40.0,610.0
2024-12-30 00:49:00,40010,40020,40010,40015,703,1,40.0,-355.0,-1,-60.0,550.0
2024-12-30 00:50:00,40015,40040,40005,40030,645,1,15.0,-340.0,-1,-55.0,495.0
2024-12-30 00:51:00,40030,40060,40025,40050,796,1,35.0,-305.0,-1,-35.0,460.0
2024-12-30 00:52:00,40050,40055,40030,40035,321,1,5.0,-300.0,-1,-20.0,440.0
2024-12-30 00:53:00,40035,40045,40025,40045,416,1,-5.0,-305.0,-1,-15.0,425.0
2024-12-30 00:54:00,40040,40050,40035,40045,185,1,10.0,-295.0,-1,5.0,430.0
2024-12-30 00:55:00,40045,40045,40015,40020,424,1,-25.0,-320.0,-1,15.0,445.0
2024-12-30 00:56:00,40020,40030,40015,40025,288,1,-20.0,-340.0,-1,20.0,465.0
2024-12-30 00:57:00,40030,40035,40000,40010,588,1,-10.0,-350.0,-1,35.0,500.0
2024-12-30 00:58:00,40005,40015,40005,40010,344,1,-15.0,-365.0,-1,10.0,510.0
2024-12-30 00:59:00,40015,40020,40010,40020,253,1,10.0,-355.0,-1,5.0,515.0
2024-12-30 01:00:00,40020,40025,40010,40020,277,1,10.0,-345.0,-1,-10.0,505.0
2024-12-30 01:01:00,40015,40015,39985,39995,419,1,-25.0,-370.0,-1,15.0,520.0
2024-12-30 01:02:00,39990,39995,39975,39975,410,1,-45.0,-415.0,-1,45.0,565.0
2024-12-30 01:03:00,39975,39995,39975,39990,399,1,-5.0,-420.0,-1,30.0,595.0
2024-12-30 01:04:00,39990,39990,39960,39970,325,1,-5.0,-425.0,-1,25.0,620.0
2024-12-30 01:05:00,39970,39985,39960,39975,363,1,-15.0,-440.0,-1,0.0,620.0
2024-12-30 01:06:00,39970,40000,39970,39985,418,1,15.0,-425.0,-1,5.0,625.0
2024-12-30 01:07:00,39990,40010,39985,40000,288,1,25.0,-400.0,-1,-30.0,595.0
2024-12-30 01:08:00,39995,39995,39980,39980,272,1,-5.0,-405.0,-1,-5.0,590.0
2024-12-30 01:09:00,39980,39995,39980,39985,182,1,-15.0,-420.0,-1,0.0,590.0
2024-12-30 01:10:00,39985,40005,39985,39985,184,1,5.0,-415.0,-1,15.0,605.0
2024-12-30 01:11:00,39990,40005,39985,39990,264,1,5.0,-410.0,-1,-10.0,595.0
2024-12-30 01:12:00,39990,39995,39975,39980,249,1,-5.0,-415.0,-1,5.0,600.0
2024-12-30 01:13:00,39980,39990,39980,39980,180,1,-10.0,-425.0,-1,5.0,605.0
2024-12-30 01:14:00,39980,39980,39940,39945,717,1,-35.0,-460.0,-1,45.0,650.0
2024-12-30 01:15:00,39950,39955,39945,39950,208,1,-30.0,-490.0,-1,30.0,680.0
2024-12-30 01:16:00,39955,39965,39950,39965,227,1,20.0,-470.0,-1,15.0,695.0
2024-12-30 01:17:00,39960,39985,39955,39980,482,1,30.0,-440.0,-1,-35.0,660.0
2024-12-30 01:18:00,39980,39980,39960,39960,400,1,-5.0,-445.0,-1,-10.0,650.0
2024-12-30 01:19:00,39960,39965,39940,39945,477,1,-35.0,-480.0,-1,20.0,670.0
2024-12-30 01:20:00,39940,39975,39935,39970,652,1,10.0,-470.0,-1,10.0,680.0
2024-12-30 01:21:00,39970,39980,39955,39955,473,1,10.0,-460.0,-1,5.0,685.0
2024-12-30 01:22:00,39960,39980,39955,39980,204,1,10.0,-450.0,-1,-35.0,650.0
2024-12-30 01:23:00,39980,39985,39975,39980,262,1,25.0,-425.0,-1,-10.0,640.0
2024-12-30 01:24:00,39980,39990,39975,39990,191,1,10.0,-415.0,-1,-35.0,605.0
2024-12-30 01:25:00,39990,40020,39990,40015,473,1,35.0,-380.0,-1,-35.0,570.0
2024-12-30 01:26:00,40010,40015,40005,40005,158,1,15.0,-365.0,-1,-25.0,545.0
2024-12-30 01:27:00,40000,40035,40000,40030,947,1,15.0,-350.0,-1,-40.0,505.0
2024-12-30 01:28:00,40030,40035,40030,40035,207,1,30.0,-320.0,-1,-20.0,485.0
2024-12-30 01:29:00,40035,40070,40035,40070,791,1,40.0,-280.0,-1,-65.0,420.0
2024-12-30 01:30:00,40070,40090,40065,40070,2016,1,35.0,-245.0,-1,-40.0,380.0
2024-12-30 01:31:00,40070,40110,40070,40100,644,1,30.0,-215.0,-1,-65.0,315.0
2024-12-30 01:32:00,40095,40115,40095,40110,818,1,40.0,-175.0,-1,-40.0,275.0
2024-12-30 01:33:00,40105,40115,40095,40115,514,1,15.0,-160.0,-1,-45.0,230.0
2024-12-30 01:34:00,40110,40120,40105,40120,477,1,10.0,-150.0,-1,-20.0,210.0
2024-12-30 01:35:00,40115,40120,40095,40105,389,1,-10.0,-160.0,-1,5.0,215.0
2024-12-30 01:36:00,40105,40120,40105,40120,306,1,0.0,-160.0,-1,-5.0,210.0
2024-12-30 01:37:00,40115,40115,40110,40115,170,1,10.0,-150.0,-1,5.0,215.0
2024-12-30 01:38:00,40115,40120,40100,40100,434,1,-20.0,-170.0,-1,5.0,220.0
2024-12-30 01:39:00,40105,40105,40090,40100,253,1,-15.0,-185.0,-1,20.0,240.0
2024-12-30 01:40:00,40100,40120,40100,40100,280,1,0.0,-185.0,-1,15.0,255.0
2024-12-30 01:41:00,40095,40100,40085,40095,332,1,-5.0,-190.0,-1,5.0,260.0
2024-12-30 01:42:00,40090,40095,40075,40075,387,1,-25.0,-215.0,-1,25.0,285.0
2024-12-30 01:43:00,40075,40080,40065,40070,458,1,-25.0,-240.0,-1,30.0,315.0
2024-12-30 01:44:00,40070,40075,40055,40065,460,1,-10.0,-250.0,-1,30.0,345.0
2024-12-30 01:45:00,40065,40075,40055,40075,422,1,5.0,-245.0,-1,0.0,345.0
2024-12-30 01:46:00,40075,40085,40070,40085,352,1,20.0,-225.0,-1,-15.0,330.0
2024-12-30 01:47:00,40085,40085,40070,40070,174,1,-5.0,-230.0,-1,-5.0,325.0
2024-12-30 01:48:00,40065,40075,40055,40060,437,1,-25.0,-255.0,-1,15.0,340.0
2024-12-30 01:49:00,40060,40065,40030,40035,492,1,-35.0,-290.0,-1,50.0,390.0
2024-12-30 01:50:00,40035,40040,40000,40000,1636,1,-60.0,-350.0,-1,70.0,460.0
2024-12-30 01:51:00,40000,40005,39975,39980,935,1,-55.0,-405.0,-1,80.0,540.0
2024-12-30 01:52:00,39980,39980,39955,39965,531,1,-35.0,-440.0,-1,70.0,610.0
2024-12-30 01:53:00,39970,39985,39965,39985,309,1,5.0,-435.0,-1,15.0,625.0
2024-12-30 01:54:00,39985,39985,39970,39975,441,1,10.0,-425.0,-1,5.0,630.0
2024-12-30 01:55:00,39975,39990,39970,39980,316,1,-5.0,-430.0,-1,-15.0,615.0
2024-12-30 01:56:00,39980,40010,39975,40010,530,1,35.0,-395.0,-1,-25.0,590.0
2024-12-30 01:57:00,40005,40015,40000,40000,307,1,20.0,-375.0,-1,-25.0,565.0
2024-12-30 01:58:00,40000,40010,39970,39990,1686,1,-20.0,-395.0,-1,-10.0,555.0
2024-12-30 01:59:00,39990,40000,39990,40000,284,1,0.0,-395.0,-1,10.0,565.0
2024-12-30 02:00:00,39995,40010,39990,40005,259,1,15.0,-380.0,-1,-5.0,560.0
2024-12-30 02:01:00,40010,40025,40010,40015,238,1,15.0,-365.0,-1,-25.0,535.0
2024-12-30 02:02:00,40010,40015,39995,39995,167,1,-10.0,-375.0,-1,5.0,540.0
2024-12-30 02:03:00,40000,40005,39980,39990,172,1,-25.0,-400.0,-1,15.0,555.0
2024-12-30 02:04:00,39990,39995,39985,39995,109,1,0.0,-400.0,-1,20.0,575.0
2024-12-30 02:05:00,39995,40005,39990,39990,165,1,0.0,-400.0,-1,5.0,580.0
2024-12-30 02:06:00,39995,40010,39995,40000,107,1,5.0,-395.0,-1,-10.0,570.0
2024-12-30 02:07:00,39995,39995,39975,39975,350,1,-15.0,-410.0,-1,20.0,590.0
2024-12-30 02:08:00,39970,39980,39965,39980,324,1,-20.0,-430.0,-1,10.0,600.0
2024-12-30 02:09:00,39980,40000,39980,39995,151,1,20.0,-410.0,-1,5.0,605.0
2024-12-30 02:10:00,39995,40005,39985,39985,179,1,5.0,-405.0,-1,-10.0,595.0
2024-12-30 02:11:00,39980,39990,39970,39975,127,1,-20.0,-425.0,-1,5.0,600.0
2024-12-30 02:12:00,39965,39975,39955,39965,444,1,-20.0,-445.0,-1,30.0,630.0
2024-12-30 02:13:00,39965,39965,39945,39955,353,1,-20.0,-465.0,-1,30.0,660.0
2024-12-30 02:14:00,39955,39960,39950,39955,181,1,-10.0,-475.0,-1,20.0,680.0
2024-12-30 02:15:00,39960,39960,39945,39950,366,1,-5.0,-480.0,-1,15.0,695.0
2024-12-30 02:16:00,39950,39950,39935,39940,414,1,-15.0,-495.0,-1,15.0,710.0
2024-12-30 02:17:00,39940,39955,39930,39935,813,1,-15.0,-510.0,-1,20.0,730.0
2024-12-30 02:18:00,39940,39965,39940,39965,735,1,25.0,-485.0,-1,-15.0,715.0
2024-12-30 02:19:00,39965,39965,39935,39940,155,1,5.0,-480.0,-1,0.0,715.0
2024-12-30 02:20:00,39940,39945,39930,39930,444,1,-35.0,-515.0,-1,5.0,720.0
2024-12-30 02:21:00,39925,39935,39925,39930,231,1,-10.0,-525.0,-1,35.0,755.0
2024-12-30 02:22:00,39935,39960,39930,39955,179,1,25.0,-500.0,-1,-15.0,740.0
2024-12-30 02:23:00,39955,39970,39930,39935,284,1,5.0,-495.0,-1,-5.0,735.0
2024-12-30 02:24:00,39935,39945,39935,39945,121,1,-10.0,-505.0,-1,-15.0,720.0
2024-12-30 02:25:00,39940,39970,39940,39950,336,1,15.0,-490.0,-1,5.0,725.0
2024-12-30 02:26:00,39950,39985,39950,39975,714,1,30.0,-460.0,-1,-40.0,685.0
2024-12-30 02:27:00,39975,39980,39960,39980,255,1,30.0,-430.0,-1,-35.0,650.0
2024-12-30 02:28:00,39975,39975,39945,39945,279,1,-30.0,-460.0,-1,5.0,655.0
2024-12-30 02:29:00,39945,39950,39940,39950,237,1,-30.0,-490.0,-1,25.0,680.0
2024-12-30 02:30:00,39950,39975,39950,39975,279,1,30.0,-460.0,-1,5.0,685.0
2024-12-30 02:31:00,39975,40005,39970,40000,893,1,50.0,-410.0,-1,-55.0,630.0
2024-12-30 02:32:00,40000,40005,39980,39985,376,1,10.0,-400.0,-1,-35.0,595.0
2024-12-30 02:33:00,39985,39985,39975,39980,110,1,-20.0,-420.0,-1,-5.0,590.0
2024-12-30 02:34:00,39980,39980,39960,39980,141,1,-5.0,-425.0,-1,20.0,610.0
2024-12-30 02:35:00,39975,39975,39955,39955,145,1,-25.0,-450.0,-1,30.0,640.0
2024-12-30 02:36:00,39955,39960,39940,39950,246,1,-30.0,-480.0,-1,30.0,670.0
2024-12-30 02:37:00,39950,39955,39930,39930,245,1,-25.0,-505.0,-1,50.0,720.0
2024-12-30 02:38:00,39935,39945,39930,39940,128,1,-10.0,-515.0,-1,15.0,735.0
2024-12-30 02:39:00,39945,39960,39945,39955,237,1,25.0,-490.0,-1,-5.0,730.0
2024-12-30 02:40:00,39960,39965,39955,39960,194,1,20.0,-470.0,-1,-30.0,700.0
2024-12-30 02:41:00,39965,39985,39965,39985,449,1,30.0,-440.0,-1,-45.0,655.0
2024-12-30 02:42:00,39985,39985,39975,39975,139,1,15.0,-425.0,-1,-20.0,635.0
2024-12-30 02:43:00,39975,39985,39960,39965,101,1,-20.0,-445.0,-1,-5.0,630.0
2024-12-30 02:44:00,39960,39965,39960,39965,105,1,-10.0,-455.0,-1,20.0,650.0
2024-12-30 02:45:00,39965,39975,39960,39975,64,1,10.0,-445.0,-1,0.0,650.0
2024-12-30 02:46:00,39975,39985,39975,39975,86,1,10.0,-435.0,-1,-10.0,640.0
2024-12-30 02:47:00,39970,39970,39945,39955,280,1,-20.0,-455.0,-1,10.0,650.0
2024-12-30 02:48:00,39950,39960,39950,39950,67,1,-25.0,-480.0,-1,25.0,675.0
2024-12-30 02:49:00,39950,39960,39950,39960,100,1,5.0,-475.0,-1,15.0,690.0
2024-12-30 02:50:00,39965,39985,39965,39970,127,1,20.0,-455.0,-1,-15.0,675.0
2024-12-30 02:51:00,39970,39975,39965,39970,55,1,10.0,-445.0,-1,-20.0,655.0
2024-12-30 02:52:00,39975,39990,39975,39990,135,1,20.0,-425.0,-1,-30.0,625.0
2024-12-30 02:53:00,39990,40000,39990,39995,169,1,25.0,-400.0,-1,-25.0,600.0
2024-12-30 02:54:00,39990,39995,39985,39995,107,1,5.0,-395.0,-1,-25.0,575.0
2024-12-30 02:55:00,39990,40005,39990,39995,185,1,0.0,-395.0,-1,-5.0,570.0
2024-12-30 02:56:00,40000,40000,39990,39990,53,1,-5.0,-400.0,-1,5.0,575.0
2024-12-30 02:57:00,39995,40000,39990,40000,69,1,5.0,-395.0,-1,-5.0,570.0
2024-12-30 02:58:00,40000,40000,39995,39995,73,1,5.0,-390.0,-1,0.0,570.0
2024-12-30 02:59:00,40000,40000,39990,39990,88,1,-10.0,-400.0,-1,0.0,570.0
2024-12-30 03:00:00,39985,40000,39985,40000,168,1,5.0,-395.0,-1,0.0,570.0
2024-12-30 03:01:00,40000,40015,40000,40010,134,1,20.0,-375.0,-1,-15.0,555.0
2024-12-30 03:02:00,40010,40010,40000,40005,127,1,5.0,-370.0,-1,-15.0,540.0
2024-12-30 03:03:00,40005,40010,40000,40005,130,1,-5.0,-375.0,-1,-5.0,535.0
2024-12-30 03:04:00,40005,40020,40005,40020,115,1,15.0,-360.0,-1,-10.0,525.0
2024-12-30 03:05:00,40015,40020,40010,40010,193,1,5.0,-355.0,-1,-5.0,520.0
2024-12-30 03:06:00,40010,40015,40005,40015,96,1,-5.0,-360.0,-1,-10.0,510.0
2024-12-30 03:07:00,40015,40015,39985,39985,252,1,-25.0,-385.0,-1,35.0,545.0
2024-12-30 03:08:00,39990,40000,39990,39995,240,1,-20.0,-405.0,-1,15.0,560.0
2024-12-30 03:09:00,39995,40015,39995,40005,297,1,20.0,-385.0,-1,10.0,570.0
2024-12-30 03:10:00,40000,40010,40000,40000,114,1,5.0,-380.0,-1,-15.0,555.0
2024-12-30 03:11:00,40000,40010,40000,40000,45,1,-5.0,-385.0,-1,-5.0,550.0
2024-12-30 03:12:00,40005,40010,40005,40005,70,1,5.0,-380.0,-1,0.0,550.0
2024-12-30 03:13:00,40005,40015,40005,40010,89,1,10.0,-370.0,-1,-10.0,540.0
2024-12-30 03:14:00,40010,40010,40010,40010,11,1,5.0,-365.0,-1,-10.0,530.0
2024-12-30 03:15:00,40010,40015,40005,40015,79,1,5.0,-360.0,-1,-10.0,520.0
2024-12-30 03:16:00,40020,40025,40015,40020,199,1,10.0,-350.0,-1,-10.0,510.0
2024-12-30 03:17:00,40020,40025,40005,40005,111,1,-10.0,-360.0,-1,5.0,515.0
2024-12-30 03:18:00,40005,40015,40005,40015,104,1,-5.0,-365.0,-1,0.0,515.0
2024-12-30 03:19:00,40015,40015,40005,40015,89,1,10.0,-355.0,-1,5.0,520.0
2024-12-30 03:20:00,40015,40020,40010,40015,83,1,0.0,-355.0,-1,-10.0,510.0
2024-12-30 03:21:00,40015,40015,40005,40010,54,1,-5.0,-360.0,-1,5.0,515.0
2024-12-30 03:22:00,40015,40020,40015,40015,78,1,0.0,-360.0,-1,0.0,515.0
2024-12-30 03:23:00,40020,40020,40010,40015,34,1,5.0,-355.0,-1,0.0,515.0
2024-12-30 03:24:00,40020,40025,40015,40025,88,1,10.0,-345.0,-1,-15.0,500.0
2024-12-30 03:25:00,40030,40040,40030,40035,240,1,20.0,-325.0,-1,-20.0,480.0
2024-12-30 03:26:00,40035,40040,40025,40025,1661,1,0.0,-325.0,-1,-10.0,470.0
2024-12-30 03:27:00,40025,40030,40020,40030,200,1,-5.0,-330.0,-1,-5.0,465.0
2024-12-30 03:28:00,40030,40030,40020,40020,76,1,-5.0,-335.0,-1,15.0,480.0
2024-12-30 03:29:00,40025,40035,40025,40035,95,1,5.0,-330.0,-1,-10.0,470.0
2024-12-30 03:30:00,40030,40050,40025,40045,174,1,25.0,-305.0,-1,-15.0,455.0
2024-12-30 03:31:00,40045,40055,40045,40055,182,1,20.0,-285.0,-1,-35.0,420.0
2024-12-30 03:32:00,40055,40055,40040,40045,154,1,0.0,-285.0,-1,-10.0,410.0
2024-12-30 03:33:00,40045,40060,40040,40060,128,1,5.0,-280.0,-1,-15.0,395.0
2024-12-30 03:34:00,40060,40075,40060,40070,138,1,25.0,-255.0,-1,-15.0,380.0
2024-12-30 03:35:00,40065,40065,40060,40065,45,1,5.0,-250.0,-1,-20.0,360.0
2024-12-30 03:36:00,40065,40085,40065,40080,185,1,10.0,-240.0,-1,-20.0,340.0
2024-12-30 03:37:00,40075,40080,40075,40075,92,1,10.0,-230.0,-1,-5.0,335.0
2024-12-30 03:38:00,40070,40080,40065,40070,59,1,-10.0,-240.0,-1,-5.0,330.0
2024-12-30 03:39:00,40070,40075,40065,40070,75,1,-5.0,-245.0,-1,10.0,340.0
2024-12-30 03:40:00,40075,40095,40075,40095,204,1,25.0,-220.0,-1,-20.0,320.0
2024-12-30 03:41:00,40095,40095,40085,40085,66,1,15.0,-205.0,-1,-15.0,305.0
2024-12-30 03:42:00,40080,40090,40080,40090,63,1,-5.0,-210.0,-1,-20.0,285.0
2024-12-30 03:43:00,40085,40085,40075,40085,68,1,0.0,-210.0,-1,10.0,295.0
2024-12-30 03:44:00,40085,40090,40085,40090,124,1,0.0,-210.0,-1,-5.0,290.0
2024-12-30 03:45:00,40095,40105,40090,40105,199,1,20.0,-190.0,-1,-15.0,275.0
2024-12-30 03:46:00,40100,40100,40090,40090,61,1,0.0,-190.0,-1,-5.0,270.0
2024-12-30 03:47:00,40090,40090,40070,40070,129,1,-35.0,-225.0,-1,20.0,290.0
2024-12-30 03:48:00,40075,40090,40075,40090,93,1,0.0,-225.0,-1,15.0,305.0
2024-12-30 03:49:00,40090,40090,40085,40090,18,1,20.0,-205.0,-1,0.0,305.0
2024-12-30 03:50:00,40090,40105,40090,40105,195,1,15.0,-190.0,-1,-35.0,270.0
2024-12-30 03:51:00,40105,40105,40100,40105,77,1,15.0,-175.0,-1,-15.0,255.0
2024-12-30 03:52:00,40105,40110,40105,40105,139,1,0.0,-175.0,-1,-15.0,240.0
2024-12-30 03:53:00,40110,40110,40100,40105,41,1,0.0,-175.0,-1,0.0,240.0
2024-12-30 03:54:00,40100,40125,40100,40125,176,1,20.0,-155.0,-1,-20.0,220.0
2024-12-30 03:55:00,40120,40135,40120,40130,146,1,25.0,-130.0,-1,-25.0,195.0
2024-12-30 03:56:00,40135,40135,40120,40125,93,1,0.0,-130.0,-1,-20.0,175.0
2024-12-30 03:57:00,40125,40135,40125,40135,141,1,5.0,-125.0,-1,-10.0,165.0
2024-12-30 03:58:00,40140,40145,40135,40140,327,1,15.0,-110.0,-1,-10.0,155.0
2024-12-30 03:59:00,40140,40140,40130,40130,74,1,-5.0,-115.0,-1,-5.0,150.0
2024-12-30 04:00:00,40130,40135,40120,40130,108,1,-10.0,-125.0,-1,5.0,155.0
2024-12-30 04:01:00,40135,40140,40115,40120,97,1,-10.0,-135.0,-1,20.0,175.0
2024-12-30 04:02:00,40125,40130,40115,40125,48,1,-5.0,-140.0,-1,5.0,180.0
2024-12-30 04:03:00,40125,40130,40125,40130,26,1,10.0,-130.0,-1,0.0,180.0
2024-12-30 04:04:00,40125,40130,40120,40125,79,1,0.0,-130.0,-1,-5.0,175.0
2024-12-30 04:05:00,40125,40140,40125,40140,114,1,10.0,-120.0,-1,-15.0,160.0
2024-12-30 04:06:00,40140,40160,40140,40155,227,1,30.0,-90.0,-1,-25.0,135.0
2024-12-30 04:07:00,40155,40160,40145,40150,245,1,10.0,-80.0,-1,-25.0,110.0
2024-12-30 04:08:00,40150,40155,40145,40150,208,1,-5.0,-85.0,-1,-10.0,100.0
2024-12-30 04:09:00,40150,40155,40140,40145,150,1,-5.0,-90.0,-1,10.0,110.0
2024-12-30 04:10:00,40145,40165,40140,40160,117,1,10.0,-80.0,-1,-10.0,100.0
2024-12-30 04:11:00,40155,40160,40140,40145,83,1,0.0,-80.0,-1,5.0,105.0
2024-12-30 04:12:00,40145,40150,40145,40150,53,1,-10.0,-90.0,-1,-5.0,100.0
2024-12-30 04:13:00,40150,40150,40135,40140,128,1,-5.0,-95.0,-1,20.0,120.0
2024-12-30 04:14:00,40140,40145,40140,40145,39,1,-5.0,-100.0,-1,0.0,120.0
2024-12-30 04:15:00,40145,40150,40140,40145,137,1,5.0,-95.0,-1,5.0,125.0
2024-12-30 04:16:00,40145,40160,40145,40160,196,1,15.0,-80.0,-1,-20.0,105.0
2024-12-30 04:17:00,40160,40170,40160,40170,166,1,25.0,-55.0,-1,-25.0,80.0
2024-12-30 04:18:00,40170,40170,40160,40170,138,1,10.0,-45.0,-1,-25.0,55.0
2024-12-30 04:19:00,40175,40185,40170,40180,161,1,10.0,-35.0,-1,-20.0,35.0
2024-12-30 04:20:00,40180,40185,40175,40175,152,1,5.0,-30.0,-1,-5.0,30.0
2024-12-30 04:21:00,40175,40180,40160,40160,75,1,-20.0,-50.0,-1,10.0,40.0
2024-12-30 04:22:00,40165,40170,40165,40165,51,1,-10.0,-60.0,-1,15.0,55.0
2024-12-30 04:23:00,40160,40165,40135,40140,223,1,-20.0,-80.0,-1,35.0,90.0
2024-12-30 04:24:00,40140,40155,40140,40155,117,1,-10.0,-90.0,-1,5.0,95.0
2024-12-30 04:25:00,40155,40160,40135,40140,135,1,0.0,-90.0,-1,25.0,120.0
2024-12-30 04:26:00,40145,40150,40130,40145,153,1,-10.0,-100.0,-1,-5.0,115.0
2024-12-30 04:27:00,40150,40150,40135,40140,205,1,0.0,-100.0,-1,15.0,130.0
2024-12-30 04:28:00,40145,40155,40135,40135,182,1,-10.0,-110.0,-1,5.0,135.0
2024-12-30 04:29:00,40140,40140,40135,40135,206,1,-5.0,-115.0,-1,10.0,145.0
2024-12-30 04:30:00,40135,40145,40120,40125,280,1,-10.0,-125.0,-1,15.0,160.0
2024-12-30 04:31:00,40125,40140,40125,40130,182,1,-5.0,-130.0,-1,5.0,165.0
2024-12-30 04:32:00,40135,40155,40135,40150,107,1,25.0,-105.0,-1,-15.0,150.0
2024-12-30 04:33:00,40155,40165,40155,40160,104,1,30.0,-75.0,-1,-35.0,115.0
2024-12-30 04:34:00,40160,40160,40150,40155,58,1,5.0,-70.0,-1,-25.0,90.0
2024-12-30 04:35:00,40160,40170,40160,40170,152,1,10.0,-60.0,-1,-20.0,70.0
2024-12-30 04:36:00,40170,40170,40160,40165,87,1,10.0,-50.0,-1,-5.0,65.0
2024-12-30 04:37:00,40165,40175,40160,40170,96,1,0.0,-50.0,-1,-15.0,50.0
2024-12-30 04:38:00,40175,40180,40165,40170,110,1,5.0,-45.0,-1,0.0,50.0
2024-12-30 04:39:00,40165,40165,40165,40165,47,1,-5.0,-50.0,-1,0.0,50.0
2024-12-30 04:40:00,40170,40190,40170,40190,258,1,20.0,-30.0,-1,-20.0,30.0
2024-12-30 04:41:00,40190,40195,40185,40195,217,1,30.0,0.0,-1,-25.0,5.0
2024-12-30 04:42:00,40195,40195,40185,40185,65,1,-5.0,-5.0,-1,-20.0,-15.0
2024-12-30 04:43:00,40185,40195,40185,40190,118,1,-5.0,-10.0,-1,0.0,-15.0
2024-12-30 04:44:00,40190,40195,40190,40195,122,1,10.0,0.0,-1,0.0,-15.0
2024-12-30 04:45:00,40200,40215,40200,40205,433,1,15.0,15.0,-1,-20.0,-35.0
2024-12-30 04:46:00,40205,40215,40200,40205,153,1,10.0,25.0,-1,-15.0,-50.0
2024-12-30 04:47:00,40205,40210,40190,40190,113,1,-15.0,10.0,-1,5.0,-45.0
2024-12-30 04:48:00,40190,40220,40190,40215,534,1,10.0,20.0,-1,-10.0,-55.0
2024-12-30 04:49:00,40215,40215,40210,40210,129,1,20.0,40.0,-1,-5.0,-60.0
2024-12-30 04:50:00,40215,40215,40210,40210,224,1,-5.0,35.0,-1,-20.0,-80.0
2024-12-30 04:51:00,40210,40215,40210,40215,76,1,5.0,40.0,-1,0.0,-80.0
2024-12-30 04:52:00,40215,40220,40210,40215,92,1,5.0,45.0,-1,-5.0,-85.0
2024-12-30 04:53:00,40215,40220,40215,40220,103,1,5.0,50.0,-1,-10.0,-95.0
2024-12-30 04:54:00,40220,40225,40215,40215,85,1,0.0,50.0,-1,0.0,-95.0
2024-12-30 04:55:00,40215,40230,40210,40225,176,1,5.0,55.0,-1,-10.0,-105.0
2024-12-30 04:56:00,40225,40230,40225,40225,136,1,10.0,65.0,-1,-5.0,-110.0
2024-12-30 04:57:00,40230,40235,40225,40235,112,1,10.0,75.0,-1,-20.0,-130.0
2024-12-30 04:58:00,40235,40235,40225,40230,55,1,5.0,80.0,-1,-5.0,-135.0
2024-12-30 04:59:00,40230,40235,40230,40235,62,1,0.0,80.0,-1,-10.0,-145.0
2024-12-30 05:00:00,40230,40235,40225,40225,78,1,-5.0,75.0,-1,10.0,-135.0
2024-12-30 05:01:00,40220,40225,40210,40215,182,1,-20.0,55.0,-1,15.0,-120.0
2024-12-30 05:02:00,40215,40215,40195,40195,267,1,-30.0,25.0,-1,40.0,-80.0
2024-12-30 05:03:00,40190,40195,40185,40185,224,1,-30.0,-5.0,-1,40.0,-40.0
2024-12-30 05:04:00,40180,40190,40170,40190,193,1,-5.0,-10.0,-1,25.0,-15.0
2024-12-30 05:05:00,40190,40195,40180,40180,141,1,-5.0,-15.0,-1,15.0,0.0
2024-12-30 05:06:00,40180,40180,40155,40175,358,1,-15.0,-30.0,-1,10.0,10.0
2024-12-30 05:07:00,40170,40185,40150,40185,297,1,5.0,-25.0,-1,5.0,15.0
2024-12-30 05:08:00,40180,40195,40180,40195,154,1,20.0,-5.0,-1,-15.0,0.0
2024-12-30 05:09:00,40195,40200,40190,40190,134,1,5.0,0.0,-1,-15.0,-15.0
2024-12-30 05:10:00,40190,40190,40165,40165,79,1,-30.0,-30.0,-1,20.0,5.0
2024-12-30 05:11:00,40165,40165,40155,40160,69,1,-30.0,-60.0,-1,35.0,40.0
2024-12-30 05:12:00,40160,40170,40155,40165,142,1,0.0,-60.0,-1,25.0,65.0
2024-12-30 05:13:00,40165,40165,40130,40135,455,1,-25.0,-85.0,-1,30.0,95.0
2024-12-30 05:14:00,40130,40130,40110,40120,761,1,-45.0,-130.0,-1,40.0,135.0
2024-12-30 05:15:00,40120,40130,40095,40100,500,1,-35.0,-165.0,-1,65.0,200.0
2024-12-30 05:16:00,40105,40115,40095,40110,177,1,-10.0,-175.0,-1,25.0,225.0
2024-12-30 05:17:00,40100,40120,40100,40105,74,1,5.0,-170.0,-1,15.0,240.0
2024-12-30 05:18:00,40105,40115,40105,40105,94,1,-5.0,-175.0,-1,-5.0,235.0
2024-12-30 05:19:00,40105,40120,40095,40095,86,1,-10.0,-185.0,-1,15.0,250.0
2024-12-30 05:20:00,40095,40105,40095,40095,77,1,-10.0,-195.0,-1,10.0,260.0
2024-12-30 05:21:00,40100,40100,40075,40080,116,1,-15.0,-210.0,-1,25.0,285.0
2024-12-30 05:22:00,40085,40090,40070,40075,176,1,-20.0,-230.0,-1,20.0,305.0
2024-12-30 05:23:00,40075,40090,40075,40085,34,1,5.0,-225.0,-1,10.0,315.0
2024-12-30 05:24:00,40090,40100,40085,40085,111,1,10.0,-215.0,-1,-5.0,310.0
2024-12-30 05:25:00,40095,40095,40085,40090,126,1,5.0,-210.0,-1,-15.0,295.0
2024-12-30 05:26:00,40090,40100,40090,40095,55,1,10.0,-200.0,-1,-10.0,285.0
2024-12-30 05:27:00,40095,40100,40095,40100,26,1,10.0,-190.0,-1,-15.0,270.0
2024-12-30 05:28:00,40095,40110,40090,40105,121,1,10.0,-180.0,-1,-15.0,255.0
2024-12-30 05:29:00,40110,40115,40100,40100,144,1,0.0,-180.0,-1,-5.0,250.0
2024-12-30 05:30:00,40100,40105,40095,40100,70,1,-5.0,-185.0,-1,0.0,250.0
2024-12-30 05:31:00,40100,40100,40085,40085,124,1,-15.0,-200.0,-1,20.0,270.0
2024-12-30 05:32:00,40090,40100,40085,40095,117,1,-5.0,-205.0,-1,5.0,275.0
2024-12-30 05:33:00,40090,40105,40090,40105,57,1,20.0,-185.0,-1,-5.0,270.0
2024-12-30 05:34:00,40105,40105,40085,40095,121,1,0.0,-185.0,-1,-10.0,260.0
2024-12-30 05:35:00,40095,40095,40090,40090,67,1,-15.0,-200.0,-1,5.0,265.0
2024-12-30 05:36:00,40085,40085,40075,40085,80,1,-10.0,-210.0,-1,20.0,285.0
2024-12-30 05:37:00,40085,40085,40075,40075,105,1,-15.0,-225.0,-1,20.0,305.0
2024-12-30 05:38:00,40075,40085,40070,40080,132,1,-5.0,-230.0,-1,10.0,315.0
2024-12-30 05:39:00,40085,40085,40075,40080,69,1,5.0,-225.0,-1,5.0,320.0
2024-12-30 05:40:00,40075,40080,40075,40075,66,1,-5.0,-230.0,-1,0.0,320.0
2024-12-30 05:41:00,40075,40080,40075,40080,20,1,0.0,-230.0,-1,0.0,320.0
2024-12-30 05:42:00,40075,40085,40070,40070,192,1,-5.0,-235.0,-1,10.0,330.0
2024-12-30 05:43:00,40070,40070,40040,40045,210,1,-35.0,-270.0,-1,30.0,360.0
2024-12-30 05:44:00,40045,40050,40040,40045,181,1,-25.0,-295.0,-1,35.0,395.0
2024-12-30 05:45:00,40045,40060,40045,40050,169,1,5.0,-290.0,-1,20.0,415.0
2024-12-30 05:46:00,40050,40050,40020,40025,415,1,-20.0,-310.0,-1,20.0,435.0
2024-12-30 05:47:00,40025,40045,40025,40040,180,1,-10.0,-320.0,-1,5.0,440.0
2024-12-30 05:48:00,40045,40070,40040,40060,290,1,35.0,-285.0,-1,-10.0,430.0
2024-12-30 05:49:00,40060,40075,40055,40075,191,1,35.0,-250.0,-1,-50.0,380.0
2024-12-30 05:50:00,40075,40105,40075,40105,223,1,45.0,-205.0,-1,-65.0,315.0
2024-12-30 05:51:00,40105,40125,40105,40125,231,1,50.0,-155.0,-1,-65.0,250.0
2024-12-30 05:52:00,40125,40130,40115,40130,604,1,25.0,-130.0,-1,-55.0,195.0
2024-12-30 05:53:00,40125,40140,40125,40135,193,1,10.0,-120.0,-1,-30.0,165.0
2024-12-30 05:54:00,40135,40150,40125,40135,643,1,5.0,-115.0,-1,-10.0,155.0
2024-12-30 05:55:00,40125,40125,40125,40125,4,1,-10.0,-125.0,-1,5.0,160.0
2024-12-30 05:56:00,40125,40125,40125,40125,0,1,-10.0,-135.0,-1,10.0,170.0
2024-12-30 05:57:00,40125,40125,40125,40125,0,1,0.0,-135.0,-1,10.0,180.0
2024-12-30 05:58:00,40125,40125,40125,40125,0,1,0.0,-135.0,-1,0.0,180.0
2024-12-30 05:59:00,40125,40125,40125,40125,0,1,0.0,-135.0,-1,0.0,180.0
2024-12-30 06:00:00,40140,40140,40140,40140,1053,1,15.0,-120.0,-1,-15.0,165.0
2024-12-30 08:45:00,40100,40220,40100,40180,4639,1,55.0,-65.0,-1,-55.0,110.0
2024-12-30 08:46:00,40175,40240,40165,40235,1892,1,95.0,30.0,-1,-110.0,0.0
2024-12-30 08:47:00,40230,40230,40190,40215,1141,1,35.0,65.0,-1,-75.0,-75.0
2024-12-30 08:48:00,40210,40215,40180,40190,730,1,-45.0,20.0,-1,-10.0,-85.0
2024-12-30 08:49:00,40190,40205,40190,40200,481,1,-15.0,5.0,-1,35.0,-50.0
2024-12-30 08:50:00,40200,40200,40180,40195,395,1,5.0,10.0,-1,20.0,-30.0
2024-12-30 08:51:00,40195,40215,40195,40210,635,1,10.0,20.0,-1,-20.0,-50.0
2024-12-30 08:52:00,40215,40280,40210,40275,1670,1,80.0,100.0,-1,-75.0,-125.0
2024-12-30 08:53:00,40280,40280,40245,40255,852,1,45.0,145.0,-1,-60.0,-185.0
2024-12-30 08:54:00,40255,40265,40245,40250,545,1,-25.0,120.0,-1,-40.0,-225.0
2024-12-30 08:55:00,40255,40265,40235,40265,504,1,10.0,130.0,-1,10.0,-215.0
2024-12-30 08:56:00,40270,40295,40270,40285,1368,1,35.0,165.0,-1,-30.0,-245.0
2024-12-30 08:57:00,40285,40285,40245,40260,699,1,-5.0,160.0,-1,-10.0,-255.0
2024-12-30 08:58:00,40265,40290,40255,40290,561,1,5.0,165.0,-1,-25.0,-280.0
2024-12-30 08:59:00,40290,40335,40280,40330,2302,1,70.0,235.0,-1,-45.0,-325.0
2024-12-30 09:00:00,40330,40360,40255,40265,6213,1,-25.0,210.0,-1,-5.0,-330.0
2024-12-30 09:01:00,40265,40270,40170,40190,3934,1,-140.0,70.0,-1,100.0,-230.0
2024-12-30 09:02:00,40190,40210,40155,40200,3115,1,-65.0,5.0,-1,130.0,-100.0
2024-12-30 09:03:00,40205,40250,40195,40250,2550,1,60.0,65.0,-1,15.0,-85.0
2024-12-30 09:04:00,40250,40285,40235,40280,2155,1,80.0,145.0,-1,-90.0,-175.0
2024-12-30 09:05:00,40280,40310,40265,40265,2546,1,15.0,160.0,-1,-65.0,-240.0
2024-12-30 09:06:00,40260,40290,40240,40245,1974,1,-35.0,125.0,-1,5.0,-235.0
2024-12-30 09:07:00,40245,40275,40240,40275,1649,1,10.0,135.0,-1,5.0,-230.0
2024-12-30 09:08:00,40275,40310,40245,40305,1768,1,60.0,195.0,-1,-40.0,-270.0
2024-12-30 09:09:00,40305,40325,40280,40285,1588,1,10.0,205.0,-1,-40.0,-310.0
2024-12-30 09:10:00,40285,40285,40210,40215,2877,1,-90.0,115.0,-1,60.0,-250.0
2024-12-30 09:11:00,40220,40250,40215,40250,1981,1,-35.0,80.0,-1,55.0,-195.0
2024-12-30 09:12:00,40245,40280,40240,40270,1441,1,55.0,135.0,-1,15.0,-180.0
2024-12-30 09:13:00,40275,40275,40240,40250,1060,1,0.0,135.0,-1,-35.0,-215.0
2024-12-30 09:14:00,40245,40265,40230,40230,1026,1,-40.0,95.0,-1,20.0,-195.0
2024-12-30 09:15:00,40230,40240,40200,40230,2130,1,-20.0,75.0,-1,40.0,-155.0
2024-12-30 09:16:00,40230,40235,40205,40205,1058,1,-25.0,50.0,-1,45.0,-110.0
2024-12-30 09:17:00,40205,40225,40185,40215,1328,1,-15.0,35.0,-1,15.0,-95.0
2024-12-30 09:18:00,40210,40235,40200,40205,1639,1,0.0,35.0,-1,25.0,-70.0
2024-12-30 09:19:00,40205,40205,40180,40190,1251,1,-25.0,10.0,-1,15.0,-55.0
2024-12-30 09:20:00,40190,40200,40185,40190,1160,1,-15.0,-5.0,-1,25.0,-30.0
2024-12-30 09:21:00,40190,40200,40185,40195,419,1,5.0,0.0,-1,10.0,-20.0
2024-12-30 09:22:00,40200,40225,40200,40210,1029,1,20.0,20.0,-1,-20.0,-40.0
2024-12-30 09:23:00,40215,40235,40205,40235,924,1,40.0,60.0,-1,-45.0,-85.0
2024-12-30 09:24:00,40235,40250,40225,40230,1167,1,20.0,80.0,-1,-35.0,-120.0
2024-12-30 09:25:00,40225,40225,40200,40205,918,1,-30.0,50.0,-1,5.0,-115.0
2024-12-30 09:26:00,40205,40210,40185,40200,1443,1,-30.0,20.0,-1,35.0,-80.0
2024-12-30 09:27:00,40195,40195,40185,40190,634,1,-15.0,5.0,-1,40.0,-40.0
2024-12-30 09:28:00,40185,40205,40175,40200,1354,1,0.0,5.0,-1,5.0,-35.0
2024-12-30 09:29:00,40200,40230,40200,40210,1306,1,20.0,25.0,-1,-10.0,-45.0
2024-12-30 09:30:00,40215,40215,40165,40180,1744,1,-20.0,5.0,-1,10.0,-35.0
2024-12-30 09:31:00,40185,40220,40185,40200,1117,1,-10.0,-5.0,-1,0.0,-35.0
2024-12-30 09:32:00,40200,40230,40190,40210,951,1,30.0,25.0,-1,0.0,-35.0
2024-12-30 09:33:00,40215,40240,40185,40190,1385,1,-10.0,15.0,-1,-10.0,-45.0
2024-12-30 09:34:00,40185,40215,40185,40210,666,1,0.0,15.0,-1,-10.0,-55.0
2024-12-30 09:35:00,40210,40240,40205,40235,1227,1,45.0,60.0,-1,-25.0,-80.0
2024-12-30 09:36:00,40230,40250,40205,40235,1554,1,25.0,85.0,-1,-45.0,-125.0
2024-12-30 09:37:00,40240,40245,40195,40205,1347,1,-30.0,55.0,-1,5.0,-120.0
2024-12-30 09:38:00,40200,40210,40195,40200,656,1,-35.0,20.0,-1,35.0,-85.0
2024-12-30 09:39:00,40200,40205,40190,40195,595,1,-10.0,10.0,-1,40.0,-45.0
2024-12-30 09:40:00,40195,40205,40180,40195,1048,1,-5.0,5.0,-1,10.0,-35.0
2024-12-30 09:41:00,40200,40205,40175,40180,956,1,-15.0,-10.0,-1,20.0,-15.0
2024-12-30 09:42:00,40180,40185,40155,40160,1366,1,-35.0,-45.0,-1,35.0,20.0
2024-12-30 09:43:00,40160,40175,40150,40170,624,1,-10.0,-55.0,-1,25.0,45.0
2024-12-30 09:44:00,40170,40175,40140,40145,940,1,-15.0,-70.0,-1,35.0,80.0
2024-12-30 09:45:00,40145,40180,40145,40160,1299,1,-10.0,-80.0,-1,0.0,80.0
2024-12-30 09:46:00,40160,40165,40130,40140,1329,1,-5.0,-85.0,-1,30.0,110.0
2024-12-30 09:47:00,40140,40150,40125,40125,1172,1,-35.0,-120.0,-1,20.0,130.0
2024-12-30 09:48:00,40130,40130,40105,40110,1850,1,-30.0,-150.0,-1,50.0,180.0
2024-12-30 09:49:00,40115,40115,40105,40115,1061,1,-10.0,-160.0,-1,25.0,205.0
2024-12-30 09:50:00,40120,40120,40090,40095,1756,1,-15.0,-175.0,-1,30.0,235.0
2024-12-30 09:51:00,40100,40130,40095,40130,1607,1,15.0,-160.0,-1,-20.0,215.0
2024-12-30 09:52:00,40125,40135,40115,40125,1149,1,30.0,-130.0,-1,-10.0,205.0
2024-12-30 09:53:00,40125,40130,40110,40120,1116,1,-10.0,-140.0,-1,-25.0,180.0
2024-12-30 09:54:00,40120,40135,40105,40110,1174,1,-15.0,-155.0,-1,20.0,200.0
2024-12-30 09:55:00,40105,40110,40100,40110,855,1,-10.0,-165.0,-1,15.0,215.0
2024-12-30 09:56:00,40110,40115,40100,40105,485,1,-5.0,-170.0,-1,15.0,230.0
2024-12-30 09:57:00,40105,40115,40100,40105,695,1,-5.0,-175.0,-1,5.0,235.0
2024-12-30 09:58:00,40105,40120,40105,40115,434,1,10.0,-165.0,-1,-5.0,230.0
2024-12-30 09:59:00,40115,40120,40110,40115,456,1,10.0,-155.0,-1,-10.0,220.0
2024-12-30 10:00:00,40110,40120,40100,40105,820,1,-10.0,-165.0,-1,0.0,220.0
2024-12-30 10:01:00,40105,40115,40105,40105,761,1,-10.0,-175.0,-1,10.0,230.0
2024-12-30 10:02:00,40105,40110,40095,40105,623,1,0.0,-175.0,-1,10.0,240.0
2024-12-30 10:03:00,40105,40110,40080,40085,714,1,-20.0,-195.0,-1,20.0,260.0
2024-12-30 10:04:00,40085,40085,40070,40075,694,1,-30.0,-225.0,-1,30.0,290.0
2024-12-30 10:05:00,40075,40090,40070,40080,1312,1,-5.0,-230.0,-1,25.0,315.0
2024-12-30 10:06:00,40080,40105,40075,40100,731,1,25.0,-205.0,-1,-15.0,300.0
2024-12-30 10:07:00,40100,40100,40080,40085,953,1,5.0,-200.0,-1,-10.0,290.0
2024-12-30 10:08:00,40085,40085,40065,40065,925,1,-35.0,-235.0,-1,15.0,305.0
2024-12-30 10:09:00,40065,40070,40055,40055,1206,1,-30.0,-265.0,-1,45.0,350.0
2024-12-30 10:10:00,40060,40075,40040,40060,1731,1,-5.0,-270.0,-1,25.0,375.0
2024-12-30 10:11:00,40060,40070,40050,40055,963,1,0.0,-270.0,-1,10.0,385.0
2024-12-30 10:12:00,40060,40065,40045,40055,1123,1,-5.0,-275.0,-1,0.0,385.0
2024-12-30 10:13:00,40050,40055,40040,40040,1626,1,-15.0,-290.0,-1,20.0,405.0
2024-12-30 10:14:00,40040,40040,40025,40030,1731,1,-25.0,-315.0,-1,25.0,430.0
2024-12-30 10:15:00,40035,40040,40030,40035,922,1,-5.0,-320.0,-1,20.0,450.0
2024-12-30 10:16:00,40035,40050,40035,40045,1173,1,15.0,-305.0,-1,-5.0,445.0
2024-12-30 10:17:00,40045,40045,40035,40040,814,1,5.0,-300.0,-1,-10.0,435.0
2024-12-30 10:18:00,40040,40050,40025,40040,1212,1,-5.0,-305.0,-1,-5.0,430.0
2024-12-30 10:19:00,40040,40050,40035,40040,624,1,0.0,-305.0,-1,5.0,435.0
2024-12-30 10:20:00,40040,40040,40005,40010,1303,1,-30.0,-335.0,-1,30.0,465.0
2024-12-30 10:21:00,40015,40020,39995,40015,1460,1,-25.0,-360.0,-1,25.0,490.0
2024-12-30 10:22:00,40015,40020,40010,40015,579,1,5.0,-355.0,-1,25.0,515.0
2024-12-30 10:23:00,40020,40025,40015,40020,511,1,5.0,-350.0,-1,-10.0,505.0
2024-12-30 10:24:00,40020,40030,40015,40020,685,1,5.0,-345.0,-1,-5.0,500.0
2024-12-30 10:25:00,40020,40045,40015,40045,1156,1,25.0,-320.0,-1,-30.0,470.0
2024-12-30 10:26:00,40045,40055,40035,40040,972,1,20.0,-300.0,-1,-20.0,450.0
2024-12-30 10:27:00,40045,40050,40025,40035,1207,1,-10.0,-310.0,-1,-15.0,435.0
2024-12-30 10:28:00,40040,40050,40030,40050,744,1,10.0,-300.0,-1,-5.0,430.0
2024-12-30 10:29:00,40050,40050,40025,40025,1208,1,-10.0,-310.0,-1,15.0,445.0
2024-12-30 10:30:00,40025,40040,40025,40035,839,1,-15.0,-325.0,-1,0.0,445.0
2024-12-30 10:31:00,40035,40050,40035,40035,463,1,10.0,-315.0,-1,15.0,460.0
2024-12-30 10:32:00,40035,40050,40035,40040,368,1,5.0,-310.0,-1,-15.0,445.0
2024-12-30 10:33:00,40040,40045,40025,40040,670,1,5.0,-305.0,-1,-5.0,440.0
2024-12-30 10:34:00,40040,40050,40030,40035,653,1,-5.0,-310.0,-1,0.0,440.0
2024-12-30 10:35:00,40040,40050,40035,40040,745,1,0.0,-310.0,-1,0.0,440.0
2024-12-30 10:36:00,40040,40040,40005,40010,1073,1,-25.0,-335.0,-1,30.0,470.0
2024-12-30 10:37:00,40010,40010,40005,40005,466,1,-35.0,-370.0,-1,30.0,500.0
2024-12-30 10:38:00,40005,40005,39985,39990,1394,1,-20.0,-390.0,-1,50.0,550.0
2024-12-30 10:39:00,39995,39995,39980,39985,869,1,-20.0,-410.0,-1,25.0,575.0
2024-12-30 10:40:00,39985,40000,39980,40000,921,1,10.0,-400.0,-1,5.0,580.0
2024-12-30 10:41:00,40000,40010,39985,40005,1111,1,20.0,-380.0,-1,-15.0,565.0
2024-12-30 10:42:00,40000,40005,39990,40005,692,1,5.0,-375.0,-1,-20.0,545.0
2024-12-30 10:43:00,40005,40010,40005,40005,281,1,0.0,-375.0,-1,-5.0,540.0
2024-12-30 10:44:00,40005,40010,40005,40010,501,1,5.0,-370.0,-1,-5.0,535.0
2024-12-30 10:45:00,40010,40025,40005,40020,1047,1,15.0,-355.0,-1,-15.0,520.0
2024-12-30 10:46:00,40025,40040,40025,40035,444,1,25.0,-330.0,-1,-30.0,490.0
2024-12-30 10:47:00,40035,40040,40025,40030,972,1,10.0,-320.0,-1,-20.0,470.0
2024-12-30 10:48:00,40025,40065,40025,40065,1375,1,30.0,-290.0,-1,-45.0,425.0
2024-12-30 10:49:00,40065,40080,40060,40075,954,1,45.0,-245.0,-1,-40.0,385.0
2024-12-30 10:50:00,40080,40090,40070,40070,941,1,5.0,-240.0,-1,-40.0,345.0
2024-12-30 10:51:00,40070,40080,40065,40075,607,1,0.0,-240.0,-1,-10.0,335.0
2024-12-30 10:52:00,40080,40105,40080,40090,1162,1,20.0,-220.0,-1,-15.0,320.0
2024-12-30 10:53:00,40090,40095,40085,40090,414,1,15.0,-205.0,-1,-20.0,300.0
2024-12-30 10:54:00,40085,40095,40080,40090,970,1,0.0,-205.0,-1,-15.0,285.0
2024-12-30 10:55:00,40085,40085,40070,40070,986,1,-20.0,-225.0,-1,20.0,305.0
2024-12-30 10:56:00,40070,40080,40060,40070,877,1,-20.0,-245.0,-1,20.0,325.0
2024-12-30 10:57:00,40075,40085,40070,40080,593,1,10.0,-235.0,-1,10.0,335.0
2024-12-30 10:58:00,40085,40090,40080,40085,327,1,15.0,-220.0,-1,-15.0,320.0
2024-12-30 10:59:00,40090,40100,40085,40100,407,1,20.0,-200.0,-1,-30.0,290.0
2024-12-30 11:00:00,40100,40100,40070,40075,940,1,-10.0,-210.0,-1,5.0,295.0
2024-12-30 11:01:00,40075,40075,40030,40030,1310,1,-70.0,-280.0,-1,55.0,350.0
2024-12-30 11:02:00,40030,40035,40025,40035,727,1,-40.0,-320.0,-1,65.0,415.0
2024-12-30 11:03:00,40035,40040,40025,40025,840,1,-5.0,-325.0,-1,50.0,465.0
2024-12-30 11:04:00,40025,40040,40020,40025,870,1,-10.0,-335.0,-1,5.0,470.0
2024-12-30 11:05:00,40030,40055,40030,40055,1108,1,30.0,-305.0,-1,-20.0,450.0
2024-12-30 11:06:00,40050,40065,40045,40055,494,1,30.0,-275.0,-1,-30.0,420.0
2024-12-30 11:07:00,40055,40070,40055,40060,659,1,5.0,-270.0,-1,-35.0,385.0
2024-12-30 11:08:00,40060,40070,40060,40070,483,1,15.0,-255.0,-1,-15.0,370.0
2024-12-30 11:09:00,40070,40080,40055,40060,343,1,0.0,-255.0,-1,-5.0,365.0
2024-12-30 11:10:00,40060,40070,40055,40055,416,1,-15.0,-270.0,-1,5.0,370.0
2024-12-30 11:11:00,40055,40075,40050,40065,412,1,5.0,-265.0,-1,5.0,375.0
2024-12-30 11:12:00,40060,40065,40055,40060,646,1,5.0,-260.0,-1,0.0,375.0
2024-12-30 11:13:00,40060,40065,40050,40060,705,1,-5.0,-265.0,-1,-5.0,370.0
2024-12-30 11:14:00,40060,40060,40045,40060,943,1,0.0,-265.0,-1,5.0,375.0
2024-12-30 11:15:00,40065,40065,40050,40050,818,1,-10.0,-275.0,-1,10.0,385.0
2024-12-30 11:16:00,40050,40050,40035,40045,916,1,-15.0,-290.0,-1,15.0,400.0
2024-12-30 11:17:00,40050,40050,40025,40030,987,1,-20.0,-310.0,-1,30.0,430.0
2024-12-30 11:18:00,40030,40040,40025,40040,816,1,-5.0,-315.0,-1,10.0,440.0
2024-12-30 11:19:00,40040,40045,40030,40040,479,1,10.0,-305.0,-1,5.0,445.0
2024-12-30 11:20:00,40035,40045,40030,40035,713,1,-5.0,-310.0,-1,-5.0,440.0
2024-12-30 11:21:00,40035,40040,40025,40035,768,1,-5.0,-315.0,-1,5.0,445.0
2024-12-30 11:22:00,40035,40050,40035,40050,242,1,15.0,-300.0,-1,-10.0,435.0
2024-12-30 11:23:00,40045,40045,40035,40040,463,1,5.0,-295.0,-1,-5.0,430.0
2024-12-30 11:24:00,40045,40055,40045,40045,523,1,-5.0,-300.0,-1,-10.0,420.0
2024-12-30 11:25:00,40050,40070,40045,40055,751,1,15.0,-285.0,-1,-5.0,415.0
2024-12-30 11:26:00,40050,40055,40030,40035,690,1,-10.0,-295.0,-1,5.0,420.0
2024-12-30 11:27:00,40035,40045,40030,40040,669,1,-15.0,-310.0,-1,5.0,425.0
2024-12-30 11:28:00,40040,40045,40025,40030,858,1,-5.0,-315.0,-1,25.0,450.0
2024-12-30 11:29:00,40025,40025,40010,40015,1159,1,-25.0,-340.0,-1,20.0,470.0
2024-12-30 11:30:00,40015,40035,40015,40030,418,1,0.0,-340.0,-1,10.0,480.0
2024-12-30 11:31:00,40030,40040,40030,40040,178,1,25.0,-315.0,-1,-10.0,470.0
2024-12-30 11:32:00,40045,40060,40045,40050,577,1,20.0,-295.0,-1,-35.0,435.0
2024-12-30 11:33:00,40050,40060,40040,40050,582,1,10.0,-285.0,-1,-20.0,415.0
2024-12-30 11:34:00,40050,40055,40045,40050,213,1,0.0,-285.0,-1,-10.0,405.0
2024-12-30 11:35:00,40045,40055,40045,40045,298,1,-5.0,-290.0,-1,5.0,410.0
2024-12-30 11:36:00,40040,40040,40030,40035,343,1,-15.0,-305.0,-1,15.0,425.0
2024-12-30 11:37:00,40035,40045,40030,40040,448,1,-5.0,-310.0,-1,10.0,435.0
2024-12-30 11:38:00,40040,40045,40040,40045,69,1,10.0,-300.0,-1,0.0,435.0
2024-12-30 11:39:00,40045,40045,40040,40045,51,1,5.0,-295.0,-1,-10.0,425.0
2024-12-30 11:40:00,40040,40040,40025,40040,512,1,-5.0,-300.0,-1,0.0,425.0
2024-12-30 11:41:00,40040,40040,40035,40035,229,1,-10.0,-310.0,-1,10.0,435.0
2024-12-30 11:42:00,40035,40035,40025,40025,105,1,-15.0,-325.0,-1,20.0,455.0
2024-12-30 11:43:00,40030,40035,40030,40030,70,1,-5.0,-330.0,-1,10.0,465.0
2024-12-30 11:44:00,40035,40035,40020,40020,406,1,-5.0,-335.0,-1,15.0,480.0
2024-12-30 11:45:00,40020,40040,40020,40035,424,1,5.0,-330.0,-1,-10.0,470.0
2024-12-30 11:46:00,40030,40030,40030,40030,122,1,10.0,-320.0,-1,0.0,470.0
2024-12-30 11:47:00,40030,40035,40020,40025,247,1,-10.0,-330.0,-1,-5.0,465.0
2024-12-30 11:48:00,40025,40025,40020,40020,233,1,-10.0,-340.0,-1,15.0,480.0
2024-12-30 11:49:00,40020,40020,40020,40020,83,1,-5.0,-345.0,-1,10.0,490.0
2024-12-30 11:50:00,40020,40025,40020,40020,31,1,0.0,-345.0,-1,5.0,495.0
2024-12-30 11:51:00,40020,40025,40015,40025,293,1,5.0,-340.0,-1,-5.0,490.0
2024-12-30 11:52:00,40030,40030,40025,40025,182,1,5.0,-335.0,-1,-5.0,485.0
2024-12-30 11:53:00,40025,40030,40025,40025,60,1,0.0,-335.0,-1,-5.0,480.0
2024-12-30 11:54:00,40020,40020,40005,40010,524,1,-15.0,-350.0,-1,15.0,495.0
2024-12-30 11:55:00,40010,40020,40010,40020,152,1,-5.0,-355.0,-1,5.0,500.0
2024-12-30 11:56:00,40015,40020,40015,40020,490,1,10.0,-345.0,-1,5.0,505.0
2024-12-30 11:57:00,40020,40030,40020,40025,320,1,5.0,-340.0,-1,-15.0,490.0
2024-12-30 11:58:00,40030,40030,40025,40025,29,1,5.0,-335.0,-1,-5.0,485.0
2024-12-30 11:59:00,40025,40035,40025,40035,484,1,10.0,-325.0,-1,-15.0,470.0
2024-12-30 12:00:00,40035,40040,40035,40040,185,1,15.0,-310.0,-1,-15.0,455.0
2024-12-30 12:01:00,40040,40040,40020,40030,356,1,-5.0,-315.0,-1,-5.0,450.0
2024-12-30 12:02:00,40030,40035,40025,40030,253,1,-10.0,-325.0,-1,5.0,455.0
2024-12-30 12:03:00,40030,40035,40030,40035,255,1,5.0,-320.0,-1,5.0,460.0
2024-12-30 12:04:00,40035,40035,40030,40035,367,1,5.0,-315.0,-1,-5.0,455.0
2024-12-30 12:05:00,40035,40045,40035,40035,389,1,0.0,-315.0,-1,-5.0,450.0
2024-12-30 12:06:00,40040,40045,40040,40045,410,1,10.0,-305.0,-1,-10.0,440.0
2024-12-30 12:07:00,40045,40050,40040,40045,224,1,10.0,-295.0,-1,-10.0,430.0
2024-12-30 12:08:00,40045,40045,40030,40030,258,1,-15.0,-310.0,-1,5.0,435.0
2024-12-30 12:09:00,40030,40040,40030,40035,140,1,-10.0,-320.0,-1,10.0,445.0
2024-12-30 12:10:00,40035,40040,40030,40035,366,1,5.0,-315.0,-1,10.0,455.0
2024-12-30 12:11:00,40035,40040,40025,40025,260,1,-10.0,-325.0,-1,5.0,460.0
2024-12-30 12:12:00,40030,40030,40015,40015,311,1,-20.0,-345.0,-1,20.0,480.0
2024-12-30 12:13:00,40015,40015,40005,40010,514,1,-15.0,-360.0,-1,25.0,505.0
2024-12-30 12:14:00,40005,40005,40000,40000,297,1,-15.0,-375.0,-1,25.0,530.0
2024-12-30 12:15:00,40005,40010,40000,40005,267,1,-5.0,-380.0,-1,10.0,540.0
2024-12-30 12:16:00,40005,40010,40005,40010,303,1,10.0,-370.0,-1,0.0,540.0
2024-12-30 12:17:00,40010,40020,40010,40020,276,1,15.0,-355.0,-1,-20.0,520.0
2024-12-30 12:18:00,40020,40020,40005,40010,210,1,0.0,-355.0,-1,-5.0,515.0
2024-12-30 12:19:00,40010,40010,40005,40005,189,1,-15.0,-370.0,-1,5.0,520.0
2024-12-30 12:20:00,40010,40015,40005,40010,326,1,0.0,-370.0,-1,10.0,530.0
2024-12-30 12:21:00,40010,40010,40000,40000,357,1,-5.0,-375.0,-1,10.0,540.0
2024-12-30 12:22:00,39995,40000,39990,39990,202,1,-20.0,-395.0,-1,15.0,555.0
2024-12-30 12:23:00,39995,39995,39990,39990,357,1,-10.0,-405.0,-1,20.0,575.0
2024-12-30 12:24:00,39990,39995,39990,39995,190,1,5.0,-400.0,-1,5.0,580.0
2024-12-30 12:25:00,39995,40005,39995,40000,328,1,10.0,-390.0,-1,-10.0,570.0
2024-12-30 12:26:00,40000,40005,39995,39995,229,1,0.0,-390.0,-1,-5.0,565.0
2024-12-30 12:27:00,39995,39995,39990,39995,144,1,-5.0,-395.0,-1,0.0,565.0
2024-12-30 12:28:00,39995,39995,39990,39990,14,1,-5.0,-400.0,-1,10.0,575.0
2024-12-30 12:29:00,39990,39995,39980,39985,899,1,-10.0,-410.0,-1,10.0,585.0
2024-12-30 12:30:00,39985,40010,39980,40005,2860,1,15.0,-395.0,-1,-10.0,575.0
2024-12-30 12:31:00,40005,40005,39975,39980,1159,1,-5.0,-400.0,-1,10.0,585.0
2024-12-30 12:32:00,39975,39980,39965,39975,1126,1,-30.0,-430.0,-1,10.0,595.0
2024-12-30 12:33:00,39975,39980,39950,39955,2008,1,-25.0,-455.0,-1,50.0,645.0
2024-12-30 12:34:00,39960,39965,39955,39955,1064,1,-20.0,-475.0,-1,25.0,670.0
2024-12-30 12:35:00,39955,39980,39955,39970,1095,1,15.0,-460.0,-1,5.0,675.0
2024-12-30 12:36:00,39970,39975,39955,39960,900,1,5.0,-455.0,-1,-5.0,670.0
2024-12-30 12:37:00,39965,39975,39965,39975,357,1,5.0,-450.0,-1,-20.0,650.0
2024-12-30 12:38:00,39980,39985,39975,39980,556,1,20.0,-430.0,-1,-10.0,640.0
2024-12-30 12:39:00,39980,39980,39970,39980,439,1,5.0,-425.0,-1,-20.0,620.0
2024-12-30 12:40:00,39975,40000,39975,39995,623,1,15.0,-410.0,-1,-20.0,600.0
2024-12-30 12:41:00,39995,40000,39990,39995,413,1,15.0,-395.0,-1,-15.0,585.0
2024-12-30 12:42:00,39990,40000,39985,39995,446,1,0.0,-395.0,-1,-15.0,570.0
2024-12-30 12:43:00,39995,40000,39990,39995,620,1,0.0,-395.0,-1,0.0,570.0
2024-12-30 12:44:00,39995,40000,39990,39995,238,1,0.0,-395.0,-1,0.0,570.0
2024-12-30 12:45:00,39995,39995,39980,39985,654,1,-10.0,-405.0,-1,10.0,580.0
2024-12-30 12:46:00,39985,39990,39970,39970,382,1,-25.0,-430.0,-1,25.0,605.0
2024-12-30 12:47:00,39975,39980,39970,39980,556,1,-5.0,-435.0,-1,15.0,620.0
2024-12-30 12:48:00,39980,39985,39975,39980,427,1,10.0,-425.0,-1,5.0,625.0
2024-12-30 12:49:00,39980,39980,39965,39970,410,1,-10.0,-435.0,-1,0.0,625.0
2024-12-30 12:50:00,39965,39965,39940,39945,1187,1,-35.0,-470.0,-1,35.0,660.0
2024-12-30 12:51:00,39945,39955,39945,39955,445,1,-15.0,-485.0,-1,25.0,685.0
2024-12-30 12:52:00,39955,39960,39945,39950,842,1,5.0,-480.0,-1,20.0,705.0
2024-12-30 12:53:00,39955,39960,39935,39940,744,1,-15.0,-495.0,-1,5.0,710.0
2024-12-30 12:54:00,39945,39950,39945,39945,138,1,-5.0,-500.0,-1,10.0,720.0
2024-12-30 12:55:00,39950,39960,39940,39945,674,1,5.0,-495.0,-1,5.0,725.0
2024-12-30 12:56:00,39945,39950,39945,39945,545,1,0.0,-495.0,-1,-5.0,720.0
2024-12-30 12:57:00,39950,39950,39930,39935,1365,1,-10.0,-505.0,-1,10.0,730.0
2024-12-30 12:58:00,39940,39955,39940,39940,601,1,-5.0,-510.0,-1,5.0,735.0
2024-12-30 12:59:00,39940,39940,39930,39935,444,1,0.0,-510.0,-1,10.0,745.0
2024-12-30 13:00:00,39935,39935,39920,39930,995,1,-10.0,-520.0,-1,5.0,750.0
2024-12-30 13:01:00,39935,39935,39925,39925,623,1,-10.0,-530.0,-1,15.0,765.0
2024-12-30 13:02:00,39925,39930,39910,39915,797,1,-15.0,-545.0,-1,20.0,785.0
2024-12-30 13:03:00,39915,39920,39900,39910,1238,1,-15.0,-560.0,-1,20.0,805.0
2024-12-30 13:04:00,39905,39915,39900,39915,659,1,0.0,-560.0,-1,10.0,815.0
2024-12-30 13:05:00,39915,39925,39915,39920,773,1,10.0,-550.0,-1,-5.0,810.0
2024-12-30 13:06:00,39920,39935,39915,39935,665,1,20.0,-530.0,-1,-25.0,785.0
2024-12-30 13:07:00,39935,39940,39920,39920,462,1,0.0,-530.0,-1,-5.0,780.0
2024-12-30 13:08:00,39925,39930,39920,39920,395,1,-15.0,-545.0,-1,0.0,780.0
2024-12-30 13:09:00,39925,39935,39925,39930,432,1,10.0,-535.0,-1,5.0,785.0
2024-12-30 13:10:00,39935,39935,39925,39930,384,1,10.0,-525.0,-1,-10.0,775.0
2024-12-30 13:11:00,39925,39940,39925,39935,406,1,5.0,-520.0,-1,-15.0,760.0
2024-12-30 13:12:00,39935,39950,39935,39940,543,1,10.0,-510.0,-1,-10.0,750.0
2024-12-30 13:13:00,39940,39940,39915,39915,892,1,-20.0,-530.0,-1,15.0,765.0
2024-12-30 13:14:00,39920,39920,39900,39910,1596,1,-30.0,-560.0,-1,25.0,790.0
2024-12-30 13:15:00,39910,39920,39905,39910,404,1,-5.0,-565.0,-1,30.0,820.0
2024-12-30 13:16:00,39915,39925,39915,39925,391,1,15.0,-550.0,-1,-10.0,810.0
2024-12-30 13:17:00,39920,39925,39915,39915,404,1,5.0,-545.0,-1,-5.0,805.0
2024-12-30 13:18:00,39910,39920,39905,39915,487,1,-10.0,-555.0,-1,-5.0,800.0
2024-12-30 13:19:00,39915,39930,39915,39930,310,1,15.0,-540.0,-1,-5.0,795.0
2024-12-30 13:20:00,39930,39940,39930,39940,743,1,25.0,-515.0,-1,-25.0,770.0
2024-12-30 13:21:00,39935,39950,39935,39945,860,1,15.0,-500.0,-1,-30.0,740.0
2024-12-30 13:22:00,39945,39950,39940,39940,701,1,0.0,-500.0,-1,-10.0,730.0
2024-12-30 13:23:00,39940,39950,39925,39925,1054,1,-20.0,-520.0,-1,15.0,745.0
2024-12-30 13:24:00,39925,39930,39920,39925,337,1,-15.0,-535.0,-1,20.0,765.0
2024-12-30 13:25:00,39930,39935,39920,39930,281,1,5.0,-530.0,-1,10.0,775.0
2024-12-30 13:26:00,39930,39935,39930,39930,573,1,5.0,-525.0,-1,-5.0,770.0
2024-12-30 13:27:00,39930,39940,39930,39935,246,1,5.0,-520.0,-1,-10.0,760.0
2024-12-30 13:28:00,39940,39945,39940,39945,266,1,15.0,-505.0,-1,-15.0,745.0
2024-12-30 13:29:00,39945,39945,39935,39940,417,1,5.0,-500.0,-1,-10.0,735.0
2024-12-30 13:30:00,39940,39955,39940,39950,637,1,5.0,-495.0,-1,-15.0,720.0
2024-12-30 13:31:00,39950,39965,39940,39965,688,1,25.0,-470.0,-1,-20.0,700.0
2024-12-30 13:32:00,39970,39980,39965,39980,913,1,30.0,-440.0,-1,-40.0,660.0
2024-12-30 13:33:00,39980,39990,39975,39985,604,1,20.0,-420.0,-1,-35.0,625.0
2024-12-30 13:34:00,39985,40000,39980,40000,839,1,20.0,-400.0,-1,-35.0,590.0
2024-12-30 13:35:00,40000,40000,39980,39985,729,1,0.0,-400.0,-1,-5.0,585.0
2024-12-30 13:36:00,39985,39985,39960,39970,1274,1,-30.0,-430.0,-1,15.0,600.0
2024-12-30 13:37:00,39970,39980,39970,39970,562,1,-15.0,-445.0,-1,30.0,630.0
2024-12-30 13:38:00,39970,39970,39955,39955,464,1,-15.0,-460.0,-1,30.0,660.0
2024-12-30 13:39:00,39950,39955,39940,39950,334,1,-20.0,-480.0,-1,20.0,680.0
2024-12-30 13:40:00,39950,39960,39945,39960,667,1,5.0,-475.0,-1,10.0,690.0
2024-12-30 13:41:00,39960,39965,39955,39955,235,1,5.0,-470.0,-1,0.0,690.0
2024-12-30 13:42:00,39960,39970,39960,39970,222,1,10.0,-460.0,-1,-20.0,670.0
2024-12-30 13:43:00,39970,39970,39960,39965,152,1,10.0,-450.0,-1,-5.0,665.0
2024-12-30 13:44:00,39965,39965,39955,39955,463,1,-15.0,-465.0,-1,0.0,665.0
2024-12-30 13:45:00,39960,39960,39955,39960,236,1,-5.0,-470.0,-1,10.0,675.0
2024-12-30 13:46:00,39960,39960,39940,39945,955,1,-10.0,-480.0,-1,20.0,695.0
2024-12-30 13:47:00,39950,39960,39950,39955,317,1,-5.0,-485.0,-1,0.0,695.0
2024-12-30 13:48:00,39955,39955,39930,39945,819,1,0.0,-485.0,-1,15.0,710.0
2024-12-30 13:49:00,39945,39950,39945,39945,144,1,-10.0,-495.0,-1,0.0,710.0
2024-12-30 13:50:00,39945,39945,39920,39920,480,1,-25.0,-520.0,-1,35.0,745.0
2024-12-30 13:51:00,39925,39925,39910,39910,370,1,-35.0,-555.0,-1,35.0,780.0
2024-12-30 13:52:00,39910,39910,39905,39905,717,1,-15.0,-570.0,-1,40.0,820.0
2024-12-30 13:53:00,39905,39920,39905,39910,322,1,0.0,-570.0,-1,10.0,830.0
2024-12-30 13:54:00,39910,39915,39905,39910,354,1,5.0,-565.0,-1,0.0,830.0
2024-12-30 13:55:00,39910,39920,39910,39920,161,1,10.0,-555.0,-1,-15.0,815.0
2024-12-30 13:56:00,39920,39930,39920,39930,478,1,20.0,-535.0,-1,-20.0,795.0
2024-12-30 13:57:00,39930,39930,39910,39915,610,1,-5.0,-540.0,-1,-5.0,790.0
2024-12-30 13:58:00,39910,39915,39905,39905,378,1,-25.0,-565.0,-1,15.0,805.0
2024-12-30 13:59:00,39910,39910,39905,39905,272,1,-10.0,-575.0,-1,25.0,830.0
2024-12-30 14:00:00,39905,39920,39905,39910,538,1,5.0,-570.0,-1,5.0,835.0
2024-12-30 14:01:00,39905,39915,39890,39895,784,1,-10.0,-580.0,-1,10.0,845.0
2024-12-30 14:02:00,39895,39900,39890,39895,403,1,-15.0,-595.0,-1,10.0,855.0
2024-12-30 14:03:00,39895,39900,39895,39895,453,1,0.0,-595.0,-1,15.0,870.0
2024-12-30 14:04:00,39895,39910,39895,39895,515,1,0.0,-595.0,-1,0.0,870.0
2024-12-30 14:05:00,39895,39910,39895,39910,347,1,15.0,-580.0,-1,-15.0,855.0
2024-12-30 14:06:00,39905,39915,39900,39905,339,1,10.0,-570.0,-1,-10.0,845.0
2024-12-30 14:07:00,39905,39915,39895,39910,1059,1,0.0,-570.0,-1,-15.0,830.0
2024-12-30 14:08:00,39910,39920,39900,39915,522,1,10.0,-560.0,-1,-5.0,825.0
2024-12-30 14:09:00,39915,39940,39915,39940,819,1,30.0,-530.0,-1,-35.0,790.0
2024-12-30 14:10:00,39935,39940,39930,39935,431,1,20.0,-510.0,-1,-25.0,765.0
2024-12-30 14:11:00,39935,39945,39915,39915,946,1,-25.0,-535.0,-1,0.0,765.0
2024-12-30 14:12:00,39910,39930,39910,39925,853,1,-10.0,-545.0,-1,15.0,780.0
2024-12-30 14:13:00,39920,39925,39920,39925,260,1,10.0,-535.0,-1,10.0,790.0
2024-12-30 14:14:00,39925,39955,39925,39945,1587,1,20.0,-515.0,-1,-30.0,760.0
2024-12-30 14:15:00,39945,39950,39945,39945,344,1,20.0,-495.0,-1,-20.0,740.0
2024-12-30 14:16:00,39945,39965,39945,39955,1057,1,10.0,-485.0,-1,-30.0,710.0
2024-12-30 14:17:00,39950,39975,39950,39975,860,1,30.0,-455.0,-1,-30.0,680.0
2024-12-30 14:18:00,39975,39980,39970,39975,728,1,20.0,-435.0,-1,-30.0,650.0
2024-12-30 14:19:00,39980,39985,39970,39975,603,1,0.0,-435.0,-1,-20.0,630.0
2024-12-30 14:20:00,39970,39970,39955,39960,541,1,-15.0,-450.0,-1,15.0,645.0
2024-12-30 14:21:00,39960,39960,39950,39955,755,1,-20.0,-470.0,-1,20.0,665.0
2024-12-30 14:22:00,39950,39965,39945,39950,534,1,-10.0,-480.0,-1,25.0,690.0
2024-12-30 14:23:00,39955,39955,39950,39955,410,1,0.0,-480.0,-1,5.0,695.0
2024-12-30 14:24:00,39955,39965,39955,39965,434,1,15.0,-465.0,-1,-10.0,685.0
2024-12-30 14:25:00,39965,39980,39965,39975,654,1,20.0,-445.0,-1,-25.0,660.0
2024-12-30 14:26:00,39975,39975,39955,39960,923,1,-5.0,-450.0,-1,-5.0,655.0
2024-12-30 14:27:00,39965,39970,39945,39945,449,1,-30.0,-480.0,-1,20.0,675.0
2024-12-30 14:28:00,39945,39955,39940,39955,318,1,-5.0,-485.0,-1,20.0,695.0
2024-12-30 14:29:00,39955,39955,39950,39955,403,1,10.0,-475.0,-1,5.0,700.0
2024-12-30 14:30:00,39950,39955,39930,39935,941,1,-20.0,-495.0,-1,10.0,710.0
2024-12-30 14:31:00,39935,39945,39935,39935,441,1,-20.0,-515.0,-1,20.0,730.0
2024-12-30 14:32:00,39935,39935,39920,39920,384,1,-15.0,-530.0,-1,35.0,765.0
2024-12-30 14:33:00,39925,39925,39895,39905,1210,1,-30.0,-560.0,-1,30.0,795.0
2024-12-30 14:34:00,39910,39935,39910,39935,714,1,15.0,-545.0,-1,0.0,795.0
2024-12-30 14:35:00,39935,39955,39920,39955,704,1,50.0,-495.0,-1,-35.0,760.0
2024-12-30 14:36:00,39955,39960,39945,39960,565,1,25.0,-470.0,-1,-55.0,705.0
2024-12-30 14:37:00,39955,39965,39950,39960,628,1,5.0,-465.0,-1,-25.0,680.0
2024-12-30 14:38:00,39960,39965,39950,39965,455,1,5.0,-460.0,-1,-10.0,670.0
2024-12-30 14:39:00,39965,39965,39945,39955,970,1,-5.0,-465.0,-1,5.0,675.0
2024-12-30 14:40:00,39960,39985,39960,39975,1181,1,10.0,-455.0,-1,-15.0,660.0
2024-12-30 14:41:00,39975,39995,39975,39990,606,1,35.0,-420.0,-1,-25.0,635.0
2024-12-30 14:42:00,39995,40000,39970,39975,1115,1,0.0,-420.0,-1,-20.0,615.0
2024-12-30 14:43:00,39975,39980,39955,39965,832,1,-25.0,-445.0,-1,10.0,625.0
2024-12-30 14:44:00,39965,39975,39965,39965,531,1,-10.0,-455.0,-1,25.0,650.0
2024-12-30 14:45:00,39965,39980,39965,39970,460,1,5.0,-450.0,-1,5.0,655.0
2024-12-30 14:46:00,39970,39970,39945,39950,1017,1,-15.0,-465.0,-1,15.0,670.0
2024-12-30 14:47:00,39950,39970,39950,39965,506,1,-5.0,-470.0,-1,0.0,670.0
2024-12-30 14:48:00,39965,39970,39955,39965,413,1,15.0,-455.0,-1,5.0,675.0
2024-12-30 14:49:00,39970,39975,39960,39970,415,1,5.0,-450.0,-1,-20.0,655.0
2024-12-30 14:50:00,39970,39990,39970,39990,549,1,25.0,-425.0,-1,-25.0,630.0
2024-12-30 14:51:00,39990,39995,39980,39985,911,1,15.0,-410.0,-1,-20.0,610.0
2024-12-30 14:52:00,39985,39995,39985,39990,341,1,0.0,-410.0,-1,-20.0,590.0
2024-12-30 14:53:00,39990,39995,39985,39995,571,1,10.0,-400.0,-1,-5.0,585.0
2024-12-30 14:54:00,40000,40005,39995,39995,734,1,5.0,-395.0,-1,-10.0,575.0
2024-12-30 14:55:00,40000,40000,39980,39990,1416,1,-5.0,-400.0,-1,0.0,575.0
2024-12-30 14:56:00,39985,39990,39975,39985,731,1,-10.0,-410.0,-1,10.0,585.0
2024-12-30 14:57:00,39985,39985,39975,39975,413,1,-15.0,-425.0,-1,20.0,605.0
2024-12-30 14:58:00,39975,39980,39970,39975,650,1,-10.0,-435.0,-1,15.0,620.0
2024-12-30 14:59:00,39980,39990,39975,39980,686,1,5.0,-430.0,-1,5.0,625.0
2024-12-30 15:00:00,39980,39980,39965,39975,934,1,0.0,-430.0,-1,0.0,625.0
2024-12-30 15:01:00,39975,39990,39970,39980,1062,1,0.0,-430.0,-1,-5.0,620.0
2024-12-30 15:02:00,39975,39990,39975,39980,555,1,5.0,-425.0,-1,0.0,620.0
2024-12-30 15:03:00,39975,39975,39960,39965,881,1,-15.0,-440.0,-1,10.0,630.0
2024-12-30 15:04:00,39970,39975,39965,39975,543,1,-5.0,-445.0,-1,5.0,635.0
2024-12-30 15:05:00,39975,39985,39970,39985,575,1,20.0,-425.0,-1,-5.0,630.0
2024-12-30 15:06:00,39985,39985,39975,39975,484,1,0.0,-425.0,-1,-10.0,620.0
2024-12-30 15:07:00,39980,39980,39970,39980,457,1,-5.0,-430.0,-1,-5.0,615.0
2024-12-30 15:08:00,39980,39980,39945,39950,1110,1,-25.0,-455.0,-1,35.0,650.0
2024-12-30 15:09:00,39950,39960,39935,39955,1424,1,-25.0,-480.0,-1,20.0,670.0
2024-12-30 15:10:00,39955,39970,39955,39955,996,1,5.0,-475.0,-1,25.0,695.0
2024-12-30 15:11:00,39955,39965,39950,39960,459,1,5.0,-470.0,-1,-10.0,685.0
2024-12-30 15:12:00,39960,39965,39955,39965,517,1,10.0,-460.0,-1,-10.0,675.0
2024-12-30 15:13:00,39965,39980,39965,39965,534,1,5.0,-455.0,-1,-10.0,665.0
2024-12-30 15:14:00,39965,39970,39955,39955,277,1,-10.0,-465.0,-1,5.0,670.0
2024-12-30 15:15:00,39955,39955,39940,39945,444,1,-20.0,-485.0,-1,20.0,690.0
2024-12-30 15:16:00,39945,39965,39940,39950,692,1,-5.0,-490.0,-1,15.0,705.0
2024-12-30 15:17:00,39945,39950,39930,39930,635,1,-15.0,-505.0,-1,25.0,730.0
2024-12-30 15:18:00,39930,39935,39910,39915,1410,1,-35.0,-540.0,-1,30.0,760.0
2024-12-30 15:19:00,39920,39935,39915,39935,640,1,5.0,-535.0,-1,15.0,775.0
2024-12-30 15:20:00,39930,39945,39930,39940,661,1,25.0,-510.0,-1,-10.0,765.0
2024-12-30 15:21:00,39935,39940,39925,39935,844,1,0.0,-510.0,-1,-20.0,745.0
2024-12-30 15:22:00,39935,39935,39930,39930,562,1,-10.0,-520.0,-1,5.0,750.0
2024-12-30 15:23:00,39930,39940,39920,39935,750,1,0.0,-520.0,-1,5.0,755.0
2024-12-30 15:24:00,39935,39940,39925,39935,829,1,5.0,-515.0,-1,0.0,755.0
2024-12-30 15:25:00,39935,39940,39930,39935,807,1,0.0,-515.0,-1,-5.0,750.0
2024-12-30 15:26:00,39930,39945,39925,39940,947,1,5.0,-510.0,-1,-5.0,745.0
2024-12-30 15:27:00,39940,39960,39940,39960,826,1,25.0,-485.0,-1,-25.0,720.0
2024-12-30 15:28:00,39955,39955,39940,39950,932,1,10.0,-475.0,-1,-15.0,705.0
2024-12-30 15:29:00,39950,39980,39950,39970,4379,1,10.0,-465.0,-1,-30.0,675.0
2024-12-30 15:30:00,39965,39980,39920,39955,6531,1,5.0,-460.0,-1,5.0,680.0
2024-12-30 15:31:00,39955,39965,39950,39965,1389,1,-5.0,-465.0,-1,-15.0,665.0
2024-12-30 15:32:00,39965,39970,39945,39955,1412,1,0.0,-465.0,-1,15.0,680.0
2024-12-30 15:33:00,39960,40000,39955,39995,1507,1,30.0,-435.0,-1,-40.0,640.0
2024-12-30 15:34:00,39995,40000,39985,39990,1233,1,35.0,-400.0,-1,-25.0,615.0
2024-12-30 15:35:00,39995,40005,39980,39995,1195,1,0.0,-400.0,-1,-40.0,575.0
2024-12-30 15:36:00,39995,40005,39990,39995,630,1,5.0,-395.0,-1,0.0,575.0
2024-12-30 15:37:00,40000,40005,39990,39995,1090,1,0.0,-395.0,-1,-5.0,570.0
2024-12-30 15:38:00,39995,40000,39975,39980,668,1,-15.0,-410.0,-1,15.0,585.0
2024-12-30 15:39:00,39980,39985,39960,39965,928,1,-30.0,-440.0,-1,30.0,615.0
2024-12-30 15:40:00,39970,39970,39965,39965,34,1,-15.0,-455.0,-1,30.0,645.0
2024-12-30 15:41:00,39965,39965,39965,39965,0,1,0.0,-455.0,-1,15.0,660.0
2024-12-30 15:42:00,39965,39965,39965,39965,0,1,0.0,-455.0,-1,0.0,660.0
2024-12-30 15:43:00,39965,39965,39965,39965,0,1,0.0,-455.0,-1,0.0,660.0
2024-12-30 15:44:00,39965,39965,39965,39965,0,1,0.0,-455.0,-1,0.0,660.0
2024-12-30 15:45:00,39990,39990,39990,39990,2479,1,25.0,-430.0,-1,-25.0,635.0
