Profit,WinningRate,PayoffRatio,ExpectedValue,DrawDown,MaxDrawDown
-30.0,0.0,0.0,-1.0,0.0,0.0
-15.0,0.0,0.0,-1.0,0.0,0.0
-25.0,0.0,0.0,-1.0,10.0,10.0
-5.0,0.0,0.0,-1.0,0.0,10.0
-10.0,0.0,0.0,-1.0,5.0,10.0
-15.0,0.0,0.0,-1.0,10.0,10.0
30.0,0.1429,1.8,-0.5999,0.0,10.0
40.0,0.25,2.1,-0.225,0.0,10.0
10.0,0.3333,1.6,-0.1334,30.0,30.0
-10.0,0.3,1.697,-0.1909,50.0,50.0
25.0,0.3636,1.6705,-0.029,15.0,50.0
5.0,0.4167,1.4,0.0001,35.0,50.0
-15.0,0.3846,1.408,-0.0739,55.0,55.0
25.0,0.4286,1.44,0.0458,15.0,55.0
30.0,0.4667,1.5086,0.1708,10.0,55.0
-10.0,0.4375,1.5714,0.125,50.0,55.0
-15.0,0.4118,1.5714,0.0589,55.0,55.0
0.0,0.4118,1.5714,0.0589,40.0,55.0
5.0,0.4444,1.4167,0.074,35.0,55.0
5.0,0.4737,1.2963,0.0878,35.0,55.0
5.0,0.5,1.2,0.1,35.0,55.0
15.0,0.5238,1.1818,0.1428,25.0,55.0
15.0,0.5455,1.1667,0.1819,25.0,55.0
-10.0,0.5217,1.2031,0.1494,50.0,55.0
-5.0,0.5,1.2727,0.1363,45.0,55.0
-5.0,0.48,1.3382,0.1223,45.0,55.0
-20.0,0.4615,1.2895,0.0566,60.0,60.0
-15.0,0.4444,1.2805,0.0135,55.0,60.0
-10.0,0.4286,1.3023,-0.0132,50.0,60.0
-25.0,0.4138,1.2396,-0.0733,65.0,65.0
-25.0,0.4,1.1887,-0.1245,65.0,65.0
-20.0,0.3871,1.1667,-0.1613,60.0,65.0
-20.0,0.375,1.1475,-0.1947,60.0,65.0
0.0,0.375,1.1475,-0.1947,40.0,65.0
0.0,0.375,1.1475,-0.1947,40.0,65.0
-10.0,0.3636,1.1667,-0.2122,50.0,65.0
-10.0,0.3529,1.1846,-0.2291,50.0,65.0
0.0,0.3529,1.1846,-0.2291,40.0,65.0
-10.0,0.3429,1.2015,-0.2451,50.0,65.0
-10.0,0.3333,1.2174,-0.2609,50.0,65.0
0.0,0.3333,1.2174,-0.2609,40.0,65.0
0.0,0.3333,1.2174,-0.2609,40.0,65.0
-5.0,0.3243,1.25,-0.2703,45.0,65.0
-5.0,0.3158,1.2817,-0.2794,45.0,65.0
15.0,0.3333,1.2676,-0.2442,25.0,65.0
0.0,0.3333,1.2676,-0.2442,40.0,65.0
-10.0,0.325,1.2803,-0.2589,50.0,65.0
0.0,0.325,1.2803,-0.2589,40.0,65.0
-10.0,0.3171,1.2923,-0.2731,50.0,65.0
0.0,0.3171,1.2923,-0.2731,40.0,65.0
5.0,0.3333,1.2267,-0.2578,35.0,65.0
10.0,0.3488,1.1947,-0.2345,30.0,65.0
0.0,0.3488,1.1947,-0.2345,40.0,65.0
-15.0,0.3409,1.1897,-0.2535,55.0,65.0
0.0,0.3409,1.1897,-0.2535,40.0,65.0
20.0,0.3556,1.2083,-0.2147,20.0,65.0
30.0,0.3696,1.2685,-0.1616,10.0,65.0
0.0,0.3696,1.2685,-0.1616,40.0,65.0
-30.0,0.3617,1.2185,-0.1976,70.0,70.0
-15.0,0.3542,1.2157,-0.2152,55.0,70.0
5.0,0.3673,1.1679,-0.2037,35.0,70.0
5.0,0.38,1.1252,-0.1924,35.0,70.0
10.0,0.3922,1.1046,-0.1746,30.0,70.0
20.0,0.4038,1.1199,-0.144,20.0,70.0
30.0,0.4151,1.1661,-0.1009,10.0,70.0
25.0,0.4259,1.1929,-0.066,15.0,70.0
5.0,0.4364,1.158,-0.0582,35.0,70.0
15.0,0.4464,1.1545,-0.0382,25.0,70.0
30.0,0.4561,1.1923,-0.0001,10.0,70.0
25.0,0.4655,1.2141,0.0307,15.0,70.0
15.0,0.4746,1.2089,0.0483,25.0,70.0
0.0,0.4746,1.2089,0.0483,40.0,70.0
-5.0,0.4667,1.2338,0.0425,45.0,70.0
5.0,0.4754,1.2038,0.0477,35.0,70.0
0.0,0.4754,1.2038,0.0477,40.0,70.0
-10.0,0.4677,1.2138,0.0354,50.0,70.0
0.0,0.4677,1.2138,0.0354,40.0,70.0
-15.0,0.4603,1.2102,0.0174,55.0,70.0
-25.0,0.4531,1.1823,-0.0112,65.0,70.0
-5.0,0.4462,1.2038,-0.0167,45.0,70.0
0.0,0.4462,1.2038,-0.0167,40.0,70.0
-5.0,0.4394,1.2248,-0.0224,45.0,70.0
10.0,0.4478,1.2087,-0.0109,30.0,70.0
15.0,0.4559,1.2055,0.0055,25.0,70.0
15.0,0.4638,1.2025,0.0215,25.0,70.0
10.0,0.4714,1.1885,0.0317,30.0,70.0
-10.0,0.4648,1.1967,0.021,50.0,70.0
5.0,0.4722,1.1724,0.0258,35.0,70.0
15.0,0.4795,1.1709,0.0409,25.0,70.0
10.0,0.4865,1.159,0.0504,30.0,70.0
5.0,0.4933,1.1378,0.0546,35.0,70.0
0.0,0.4933,1.1378,0.0546,40.0,70.0
5.0,0.5,1.1176,0.0588,35.0,70.0
-5.0,0.4935,1.1359,0.0541,45.0,70.0
-5.0,0.4872,1.1538,0.0493,45.0,70.0
15.0,0.4937,1.1538,0.0633,25.0,70.0
-5.0,0.4875,1.1714,0.0586,45.0,70.0
-20.0,0.4815,1.156,0.0381,60.0,70.0
-15.0,0.4756,1.1518,0.0234,55.0,70.0
0.0,0.4756,1.1518,0.0234,40.0,70.0
0.0,0.4756,1.1518,0.0234,40.0,70.0
-15.0,0.4699,1.1478,0.0093,55.0,70.0
-5.0,0.4643,1.1638,0.0047,45.0,70.0
-10.0,0.4588,1.1695,-0.0046,50.0,70.0
-10.0,0.4535,1.175,-0.0136,50.0,70.0
5.0,0.4598,1.1554,-0.0089,35.0,70.0
5.0,0.4659,1.1368,-0.0045,35.0,70.0
5.0,0.4719,1.119,-0.0,35.0,70.0
0.0,0.4719,1.119,-0.0,40.0,70.0
-20.0,0.4667,1.106,-0.0171,60.0,70.0
-15.0,0.4615,1.1024,-0.0297,55.0,70.0
5.0,0.4674,1.0857,-0.0251,35.0,70.0
5.0,0.4731,1.0698,-0.0208,35.0,70.0
0.0,0.4731,1.0698,-0.0208,40.0,70.0
-5.0,0.4681,1.0831,-0.0249,45.0,70.0
5.0,0.4737,1.0677,-0.0205,35.0,70.0
15.0,0.4792,1.07,-0.0081,25.0,70.0
10.0,0.4845,1.0638,-0.0001,30.0,70.0
10.0,0.4898,1.0579,0.008,30.0,70.0
20.0,0.4949,1.0682,0.0236,20.0,70.0
10.0,0.5,1.0625,0.0312,30.0,70.0
-5.0,0.495,1.0753,0.0273,45.0,70.0
0.0,0.495,1.0753,0.0273,40.0,70.0
5.0,0.5,1.062,0.031,35.0,70.0
0.0,0.5,1.062,0.031,40.0,70.0
-10.0,0.4951,1.0663,0.023,50.0,70.0
-15.0,0.4904,1.0625,0.0114,55.0,70.0
-10.0,0.4857,1.0666,0.0037,50.0,70.0
5.0,0.4906,1.0537,0.0075,35.0,70.0
10.0,0.4953,1.0488,0.0148,30.0,70.0
5.0,0.5,1.0368,0.0184,35.0,70.0
5.0,0.5046,1.0251,0.0219,35.0,70.0
-5.0,0.5,1.0365,0.0182,45.0,70.0
-25.0,0.4955,1.0182,0.0,65.0,70.0
-10.0,0.4911,1.022,-0.007,50.0,70.0
-15.0,0.4867,1.0187,-0.0175,55.0,70.0
-20.0,0.4825,1.0088,-0.0308,60.0,70.0
-5.0,0.4783,1.0191,-0.0343,45.0,70.0
10.0,0.4828,1.015,-0.0272,30.0,70.0
5.0,0.4872,1.0042,-0.0236,35.0,70.0
-10.0,0.4831,1.0076,-0.0301,50.0,70.0
0.0,0.4831,1.0076,-0.0301,40.0,70.0
5.0,0.4874,0.9971,-0.0266,35.0,70.0
5.0,0.4917,0.9869,-0.023,35.0,70.0
-5.0,0.4876,0.9966,-0.0265,45.0,70.0
-10.0,0.4836,0.9998,-0.0329,50.0,70.0
-10.0,0.4797,1.0029,-0.0392,50.0,70.0
-5.0,0.4758,1.0122,-0.0426,45.0,70.0
-5.0,0.472,1.0214,-0.0459,45.0,70.0
-5.0,0.4683,1.0304,-0.0492,45.0,70.0
5.0,0.4724,1.0202,-0.0457,35.0,70.0
0.0,0.4724,1.0202,-0.0457,40.0,70.0
-5.0,0.4688,1.029,-0.0488,45.0,70.0
-15.0,0.4651,1.0253,-0.058,55.0,70.0
-15.0,0.4615,1.0217,-0.067,55.0,70.0
5.0,0.4656,1.0117,-0.0634,35.0,70.0
5.0,0.4697,1.0021,-0.0596,35.0,70.0
-15.0,0.4662,0.9987,-0.0682,55.0,70.0
-5.0,0.4627,1.0069,-0.0714,45.0,70.0
20.0,0.4667,1.0173,-0.0585,20.0,70.0
20.0,0.4706,1.0275,-0.0459,20.0,70.0
15.0,0.4745,1.0309,-0.0363,25.0,70.0
0.0,0.4745,1.0309,-0.0363,40.0,70.0
-10.0,0.471,1.0332,-0.0424,50.0,70.0
-5.0,0.4676,1.0414,-0.0454,45.0,70.0
0.0,0.4676,1.0414,-0.0454,40.0,70.0
0.0,0.4676,1.0414,-0.0454,40.0,70.0
0.0,0.4676,1.0414,-0.0454,40.0,70.0
20.0,0.4714,1.0511,-0.0331,20.0,70.0
20.0,0.4752,1.0605,-0.0209,20.0,70.0
0.0,0.4752,1.0605,-0.0209,40.0,70.0
5.0,0.4789,1.0511,-0.0177,35.0,70.0
10.0,0.4825,1.0481,-0.0118,30.0,70.0
5.0,0.4861,1.0391,-0.0088,35.0,70.0
-5.0,0.4828,1.0472,-0.0116,45.0,70.0
5.0,0.4863,1.0384,-0.0087,35.0,70.0
15.0,0.4898,1.0417,0.0,25.0,70.0
5.0,0.4932,1.0332,0.0028,35.0,70.0
-10.0,0.4899,1.0353,-0.0029,50.0,70.0
-25.0,0.4867,1.0204,-0.0167,65.0,70.0
-5.0,0.4834,1.0281,-0.0196,45.0,70.0
20.0,0.4868,1.037,-0.0084,20.0,70.0
10.0,0.4902,1.0344,-0.0027,30.0,70.0
0.0,0.4902,1.0344,-0.0027,40.0,70.0
-5.0,0.487,1.042,-0.0055,45.0,70.0
5.0,0.4903,1.0339,-0.0028,35.0,70.0
5.0,0.4936,1.026,0.0,35.0,70.0
0.0,0.4936,1.026,0.0,40.0,70.0
5.0,0.4968,1.0183,0.0027,35.0,70.0
-5.0,0.4937,1.0256,0.0,45.0,70.0
-10.0,0.4906,1.0275,-0.0053,50.0,70.0
-5.0,0.4875,1.0347,-0.0081,45.0,70.0
0.0,0.4875,1.0347,-0.0081,40.0,70.0
0.0,0.4875,1.0347,-0.0081,40.0,70.0
5.0,0.4907,1.027,-0.0054,35.0,70.0
0.0,0.4907,1.027,-0.0054,40.0,70.0
-5.0,0.4877,1.0341,-0.008,45.0,70.0
-10.0,0.4847,1.0357,-0.0133,50.0,70.0
-10.0,0.4817,1.0373,-0.0186,50.0,70.0
-5.0,0.4788,1.0442,-0.0212,45.0,70.0
0.0,0.4788,1.0442,-0.0212,40.0,70.0
20.0,0.4819,1.0531,-0.0106,20.0,70.0
15.0,0.485,1.0563,-0.0027,25.0,70.0
-5.0,0.4821,1.0632,-0.0053,45.0,70.0
-5.0,0.4793,1.07,-0.0078,45.0,70.0
5.0,0.4824,1.0623,-0.0051,35.0,70.0
5.0,0.4854,1.0549,-0.0026,35.0,70.0
0.0,0.4854,1.0549,-0.0026,40.0,70.0
5.0,0.4884,1.0476,0.0,35.0,70.0
5.0,0.4913,1.0405,0.0025,35.0,70.0
0.0,0.4913,1.0405,0.0025,40.0,70.0
0.0,0.4913,1.0405,0.0025,40.0,70.0
5.0,0.4943,1.0336,0.0052,35.0,70.0
10.0,0.4971,1.0319,0.0101,30.0,70.0
5.0,0.5,1.0253,0.0127,35.0,70.0
0.0,0.5,1.0253,0.0127,40.0,70.0
0.0,0.5,1.0253,0.0127,40.0,70.0
0.0,0.5,1.0253,0.0127,40.0,70.0
0.0,0.5,1.0253,0.0127,40.0,70.0
0.0,0.5,1.0253,0.0127,40.0,70.0
5.0,0.5028,1.0187,0.015,35.0,70.0
10.0,0.5056,1.0173,0.0199,30.0,70.0
0.0,0.5056,1.0173,0.0199,40.0,70.0
0.0,0.5056,1.0173,0.0199,40.0,70.0
5.0,0.5084,1.011,0.0224,35.0,70.0
-20.0,0.5056,1.0022,0.0123,60.0,70.0
-10.0,0.5028,1.0036,0.0074,50.0,70.0
5.0,0.5055,0.9974,0.0097,35.0,70.0
0.0,0.5055,0.9974,0.0097,40.0,70.0
5.0,0.5082,0.9915,0.0121,35.0,70.0
0.0,0.5082,0.9915,0.0121,40.0,70.0
0.0,0.5082,0.9915,0.0121,40.0,70.0
5.0,0.5109,0.9856,0.0144,35.0,70.0
-5.0,0.5081,0.9917,0.012,45.0,70.0
-15.0,0.5054,0.9881,0.0048,55.0,70.0
-5.0,0.5027,0.9941,0.0024,45.0,70.0
0.0,0.5027,0.9941,0.0024,40.0,70.0
0.0,0.5027,0.9941,0.0024,40.0,70.0
10.0,0.5053,0.993,0.0071,30.0,70.0
20.0,0.5079,1.0012,0.0164,20.0,70.0
20.0,0.5105,1.0092,0.0257,20.0,70.0
5.0,0.5131,1.0035,0.028,35.0,70.0
5.0,0.5156,0.9978,0.0301,35.0,70.0
-5.0,0.513,1.0038,0.0279,45.0,70.0
-5.0,0.5103,1.0096,0.0255,45.0,70.0
15.0,0.5128,1.013,0.0323,25.0,70.0
10.0,0.5153,1.0119,0.0367,30.0,70.0
5.0,0.5178,1.0064,0.0389,35.0,70.0
-5.0,0.5152,1.0122,0.0367,45.0,70.0
-5.0,0.5126,1.018,0.0344,45.0,70.0
15.0,0.515,1.0213,0.041,25.0,70.0
20.0,0.5174,1.029,0.0498,20.0,70.0
10.0,0.5198,1.0279,0.0541,30.0,70.0
5.0,0.5222,1.0225,0.0561,35.0,70.0
0.0,0.5222,1.0225,0.0561,40.0,70.0
0.0,0.5222,1.0225,0.0561,40.0,70.0
0.0,0.5222,1.0225,0.0561,40.0,70.0
0.0,0.5222,1.0225,0.0561,40.0,70.0
5.0,0.5245,1.0172,0.058,35.0,70.0
5.0,0.5268,1.012,0.0599,35.0,70.0
0.0,0.5268,1.012,0.0599,40.0,70.0
-10.0,0.5243,1.0129,0.0554,50.0,70.0
-5.0,0.5217,1.0185,0.0531,45.0,70.0
5.0,0.524,1.0134,0.055,35.0,70.0
5.0,0.5263,1.0083,0.057,35.0,70.0
-5.0,0.5238,1.0138,0.0548,45.0,70.0
-5.0,0.5213,1.0193,0.0527,45.0,70.0
5.0,0.5236,1.0143,0.0547,35.0,70.0
-10.0,0.5211,1.015,0.05,50.0,70.0
-10.0,0.5187,1.0157,0.0455,50.0,70.0
0.0,0.5187,1.0157,0.0455,40.0,70.0
0.0,0.5187,1.0157,0.0455,40.0,70.0
0.0,0.5187,1.0157,0.0455,40.0,70.0
5.0,0.5209,1.0108,0.0474,35.0,70.0
5.0,0.5231,1.0059,0.0493,35.0,70.0
0.0,0.5231,1.0059,0.0493,40.0,70.0
0.0,0.5231,1.0059,0.0493,40.0,70.0
-5.0,0.5207,1.0112,0.0472,45.0,70.0
0.0,0.5207,1.0112,0.0472,40.0,70.0
5.0,0.5229,1.0064,0.0491,35.0,70.0
5.0,0.5251,1.0017,0.0511,35.0,70.0
5.0,0.5273,0.9971,0.0531,35.0,70.0
0.0,0.5273,0.9971,0.0531,40.0,70.0
10.0,0.5294,0.9965,0.0569,30.0,70.0
20.0,0.5315,1.0039,0.0651,20.0,70.0
10.0,0.5336,1.0033,0.069,30.0,70.0
-5.0,0.5312,1.0084,0.0669,45.0,70.0
-5.0,0.5289,1.0135,0.0649,45.0,70.0
20.0,0.531,1.0207,0.073,20.0,70.0
20.0,0.533,1.0279,0.0809,20.0,70.0
-5.0,0.5307,1.033,0.0789,45.0,70.0
-5.0,0.5284,1.038,0.0769,45.0,70.0
0.0,0.5284,1.038,0.0769,40.0,70.0
0.0,0.5284,1.038,0.0769,40.0,70.0
0.0,0.5284,1.038,0.0769,40.0,70.0
15.0,0.5304,1.0412,0.0827,25.0,70.0
20.0,0.5325,1.0482,0.0907,20.0,70.0
0.0,0.5325,1.0482,0.0907,40.0,70.0
-5.0,0.5302,1.0533,0.0887,45.0,70.0
-10.0,0.5279,1.0537,0.0841,50.0,70.0
-5.0,0.5256,1.0587,0.0821,45.0,70.0
5.0,0.5277,1.054,0.0839,35.0,70.0
-5.0,0.5254,1.059,0.0818,45.0,70.0
0.0,0.5254,1.059,0.0818,40.0,70.0
-5.0,0.5232,1.0638,0.0798,45.0,70.0
-20.0,0.521,1.0551,0.0707,60.0,70.0
-15.0,0.5188,1.0511,0.0641,55.0,70.0
-10.0,0.5167,1.0515,0.06,50.0,70.0
15.0,0.5187,1.0545,0.0657,25.0,70.0
25.0,0.5207,1.0652,0.0753,15.0,70.0
20.0,0.5226,1.0719,0.0828,20.0,70.0
30.0,0.5246,1.086,0.0943,10.0,70.0
10.0,0.5265,1.085,0.0978,30.0,70.0
5.0,0.5285,1.0804,0.0995,35.0,70.0
-5.0,0.5263,1.0852,0.0974,45.0,70.0
-20.0,0.5242,1.0767,0.0886,60.0,70.0
-5.0,0.5221,1.0815,0.0868,45.0,70.0
5.0,0.524,1.0769,0.0883,35.0,70.0
15.0,0.5259,1.0796,0.0937,25.0,70.0
5.0,0.5278,1.0751,0.0952,35.0,70.0
-10.0,0.5257,1.0755,0.0911,50.0,70.0
-5.0,0.5236,1.0801,0.0891,45.0,70.0
5.0,0.5255,1.0757,0.0908,35.0,70.0
5.0,0.5273,1.0713,0.0922,35.0,70.0
-5.0,0.5253,1.0758,0.0904,45.0,70.0
-5.0,0.5233,1.0804,0.0887,45.0,70.0
5.0,0.5251,1.076,0.0901,35.0,70.0
15.0,0.5269,1.0788,0.0953,25.0,70.0
0.0,0.5269,1.0788,0.0953,40.0,70.0
-25.0,0.5249,1.0665,0.0847,65.0,70.0
-10.0,0.5229,1.0668,0.0807,50.0,70.0
-10.0,0.5209,1.0671,0.0768,50.0,70.0
-20.0,0.5189,1.0594,0.0686,60.0,70.0
-20.0,0.517,1.052,0.0609,60.0,70.0
10.0,0.5188,1.0512,0.0642,30.0,70.0
10.0,0.5206,1.0505,0.0675,30.0,70.0
-15.0,0.5187,1.047,0.0618,55.0,70.0
-5.0,0.5167,1.0513,0.0599,45.0,70.0
5.0,0.5185,1.0472,0.0615,35.0,70.0
20.0,0.5203,1.0532,0.0683,20.0,70.0
0.0,0.5203,1.0532,0.0683,40.0,70.0
-10.0,0.5184,1.0536,0.0646,50.0,70.0
15.0,0.5201,1.0562,0.0694,25.0,70.0
10.0,0.5219,1.0555,0.0728,30.0,70.0
-15.0,0.52,1.0521,0.0671,55.0,70.0
5.0,0.5217,1.0481,0.0685,35.0,70.0
0.0,0.5217,1.0481,0.0685,40.0,70.0
-20.0,0.5199,1.0411,0.0612,60.0,70.0
-10.0,0.518,1.0416,0.0575,50.0,70.0
-5.0,0.5161,1.0457,0.0558,45.0,70.0
5.0,0.5179,1.0417,0.0574,35.0,70.0
5.0,0.5196,1.0378,0.0588,35.0,70.0
5.0,0.5213,1.034,0.0603,35.0,70.0
0.0,0.5213,1.034,0.0603,40.0,70.0
0.0,0.5213,1.034,0.0603,40.0,70.0
5.0,0.523,1.0302,0.0618,35.0,70.0
0.0,0.523,1.0302,0.0618,40.0,70.0
-20.0,0.5211,1.0235,0.0544,60.0,70.0
-10.0,0.5193,1.0239,0.051,50.0,70.0
0.0,0.5193,1.0239,0.051,40.0,70.0
-15.0,0.5175,1.0209,0.0458,55.0,70.0
-15.0,0.5157,1.018,0.0407,55.0,70.0
-25.0,0.5139,1.0084,0.0321,65.0,70.0
-20.0,0.5121,1.0024,0.0254,60.0,70.0
5.0,0.5138,0.9987,0.0269,35.0,70.0
-5.0,0.512,1.0025,0.0253,45.0,70.0
-15.0,0.5103,0.9998,0.0205,55.0,70.0
5.0,0.5119,0.9962,0.0219,35.0,70.0
-5.0,0.5102,1.0,0.0204,45.0,70.0
-20.0,0.5085,0.9942,0.0141,60.0,70.0
10.0,0.5101,0.9937,0.017,30.0,70.0
15.0,0.5118,0.9962,0.0217,25.0,70.0
-5.0,0.5101,0.9999,0.0201,45.0,70.0
-10.0,0.5084,1.0005,0.0171,50.0,70.0
-5.0,0.5067,1.0041,0.0155,45.0,70.0
-10.0,0.505,1.0046,0.0123,50.0,70.0
-25.0,0.5033,0.9959,0.0045,65.0,70.0
5.0,0.505,0.9924,0.0062,35.0,70.0
5.0,0.5066,0.9889,0.0076,35.0,70.0
-15.0,0.5049,0.9865,0.003,55.0,70.0
-10.0,0.5033,0.987,0.0001,50.0,70.0
0.0,0.5033,0.987,0.0001,40.0,70.0
-15.0,0.5016,0.9846,-0.0045,55.0,70.0
-15.0,0.5,0.9822,-0.0089,55.0,70.0
0.0,0.5,0.9822,-0.0089,40.0,70.0
-10.0,0.4984,0.9828,-0.0118,50.0,70.0
-15.0,0.4968,0.9805,-0.0161,55.0,70.0
-5.0,0.4952,0.9839,-0.0176,45.0,70.0
0.0,0.4952,0.9839,-0.0176,40.0,70.0
-15.0,0.4936,0.9816,-0.0219,55.0,70.0
-10.0,0.492,0.9822,-0.0248,50.0,70.0
0.0,0.492,0.9822,-0.0248,40.0,70.0
-10.0,0.4904,0.9827,-0.0277,50.0,70.0
-15.0,0.4889,0.9805,-0.0317,55.0,70.0
-40.0,0.4873,0.9648,-0.0426,80.0,80.0
5.0,0.489,0.9614,-0.0409,35.0,80.0
20.0,0.4906,0.9667,-0.0351,20.0,80.0
-10.0,0.489,0.9674,-0.0379,50.0,80.0
10.0,0.4906,0.9669,-0.035,30.0,80.0
10.0,0.4922,0.9665,-0.0321,30.0,80.0
-5.0,0.4907,0.9697,-0.0335,45.0,80.0
-10.0,0.4892,0.9703,-0.0361,50.0,80.0
-20.0,0.4877,0.9657,-0.0413,60.0,80.0
-25.0,0.4862,0.9586,-0.0477,65.0,80.0
10.0,0.4877,0.9581,-0.045,30.0,80.0
40.0,0.4893,0.9744,-0.0339,0.0,80.0
25.0,0.4909,0.9821,-0.027,15.0,80.0
-15.0,0.4894,0.9802,-0.0309,55.0,80.0
-20.0,0.4879,0.9757,-0.0361,60.0,80.0
15.0,0.4894,0.9778,-0.0321,25.0,80.0
15.0,0.491,0.98,-0.0278,25.0,80.0
-20.0,0.4895,0.9756,-0.0329,60.0,80.0
-15.0,0.488,0.9738,-0.0368,55.0,80.0
-10.0,0.4866,0.9745,-0.0392,50.0,80.0
5.0,0.4881,0.9712,-0.0379,35.0,80.0
5.0,0.4896,0.968,-0.0365,35.0,80.0
0.0,0.4896,0.968,-0.0365,40.0,80.0
-25.0,0.4882,0.9613,-0.0425,65.0,80.0
-80.0,0.4867,0.9294,-0.061,120.0,120.0
-95.0,0.4853,0.8937,-0.081,135.0,135.0
-25.0,0.4839,0.8885,-0.0862,65.0,135.0
10.0,0.4854,0.888,-0.0836,30.0,135.0
-45.0,0.484,0.875,-0.0925,85.0,135.0
-35.0,0.4826,0.8664,-0.0993,75.0,135.0
30.0,0.4841,0.8753,-0.0922,10.0,135.0
0.0,0.4841,0.8753,-0.0922,40.0,135.0
-15.0,0.4827,0.8744,-0.0952,55.0,135.0
35.0,0.4841,0.8856,-0.0872,5.0,135.0
-10.0,0.4828,0.8866,-0.0891,50.0,135.0
-50.0,0.4814,0.8725,-0.0986,90.0,135.0
-15.0,0.48,0.8717,-0.1016,55.0,135.0
15.0,0.4815,0.8734,-0.098,25.0,135.0
10.0,0.483,0.8728,-0.0954,30.0,135.0
-20.0,0.4816,0.8702,-0.0993,60.0,135.0
-15.0,0.4802,0.8695,-0.1023,55.0,135.0
-25.0,0.4789,0.8652,-0.1068,65.0,135.0
-25.0,0.4775,0.8609,-0.1114,65.0,135.0
15.0,0.479,0.8626,-0.1078,25.0,135.0
5.0,0.4804,0.8598,-0.1066,35.0,135.0
15.0,0.4819,0.8614,-0.103,25.0,135.0
45.0,0.4833,0.8762,-0.0932,0.0,135.0
25.0,0.4848,0.8821,-0.0876,20.0,135.0
-5.0,0.4834,0.885,-0.0888,50.0,135.0
-15.0,0.4821,0.8843,-0.0916,60.0,135.0
-5.0,0.4808,0.8872,-0.0926,50.0,135.0
5.0,0.4822,0.8844,-0.0913,40.0,135.0
-30.0,0.4809,0.8783,-0.0967,75.0,135.0
-30.0,0.4796,0.8725,-0.1019,75.0,135.0
-30.0,0.4783,0.8667,-0.1072,75.0,135.0
-30.0,0.477,0.8612,-0.1122,75.0,135.0
-25.0,0.4757,0.8573,-0.1165,70.0,135.0
-10.0,0.4744,0.8585,-0.1183,55.0,135.0
5.0,0.4758,0.8557,-0.1171,40.0,135.0
0.0,0.4758,0.8557,-0.1171,45.0,135.0
25.0,0.4772,0.8614,-0.1117,20.0,135.0
30.0,0.4786,0.869,-0.1055,15.0,135.0
10.0,0.48,0.8683,-0.1032,35.0,135.0
10.0,0.4814,0.8676,-0.1009,35.0,135.0
-5.0,0.4801,0.8704,-0.102,50.0,135.0
30.0,0.4815,0.8779,-0.0958,15.0,135.0
20.0,0.4828,0.8813,-0.0917,25.0,135.0
-15.0,0.4816,0.8808,-0.0942,60.0,135.0
10.0,0.4829,0.88,-0.0921,35.0,135.0
15.0,0.4843,0.8813,-0.0889,30.0,135.0
0.0,0.4843,0.8813,-0.0889,45.0,135.0
0.0,0.4843,0.8813,-0.0889,45.0,135.0
60.0,0.4856,0.9007,-0.077,0.0,135.0
40.0,0.487,0.9118,-0.069,20.0,135.0
15.0,0.4883,0.9129,-0.0659,45.0,135.0
35.0,0.4896,0.9219,-0.059,25.0,135.0
5.0,0.491,0.919,-0.0578,55.0,135.0
-5.0,0.4897,0.9219,-0.0588,65.0,135.0
10.0,0.491,0.921,-0.0568,50.0,135.0
-25.0,0.4897,0.917,-0.0612,85.0,135.0
-20.0,0.4885,0.9148,-0.0646,80.0,135.0
-10.0,0.4872,0.9159,-0.0666,70.0,135.0
-15.0,0.486,0.9154,-0.0691,75.0,135.0
10.0,0.4873,0.9145,-0.0671,50.0,135.0
10.0,0.4886,0.9136,-0.065,50.0,135.0
-25.0,0.4874,0.9098,-0.0692,85.0,135.0
-45.0,0.4861,0.8995,-0.0767,105.0,135.0
-5.0,0.4849,0.9023,-0.0776,65.0,135.0
-5.0,0.4837,0.9051,-0.0785,65.0,135.0
-15.0,0.4825,0.9046,-0.081,75.0,135.0
15.0,0.4838,0.9056,-0.0781,45.0,135.0
25.0,0.4851,0.9104,-0.0733,35.0,135.0
-5.0,0.4839,0.9132,-0.0742,65.0,135.0
-15.0,0.4827,0.9127,-0.0767,75.0,135.0
5.0,0.484,0.91,-0.0756,55.0,135.0
5.0,0.4852,0.9072,-0.0746,55.0,135.0
-5.0,0.484,0.9099,-0.0756,65.0,135.0
-10.0,0.4828,0.9111,-0.0773,70.0,135.0
-35.0,0.4817,0.9043,-0.0827,95.0,135.0
-30.0,0.4805,0.8992,-0.0874,90.0,135.0
20.0,0.4818,0.902,-0.0836,40.0,135.0
30.0,0.483,0.9085,-0.0782,30.0,135.0
-5.0,0.4818,0.9112,-0.0792,65.0,135.0
-35.0,0.4807,0.9046,-0.0845,95.0,135.0
10.0,0.4819,0.9037,-0.0826,50.0,135.0
10.0,0.4832,0.9029,-0.0805,50.0,135.0
10.0,0.4844,0.902,-0.0787,50.0,135.0
25.0,0.4856,0.9065,-0.0742,35.0,135.0
10.0,0.4869,0.9057,-0.0721,50.0,135.0
35.0,0.4881,0.9137,-0.0659,25.0,135.0
15.0,0.4893,0.9146,-0.0632,45.0,135.0
15.0,0.4905,0.9154,-0.0605,45.0,135.0
30.0,0.4917,0.9215,-0.0552,30.0,135.0
40.0,0.4929,0.9311,-0.0482,20.0,135.0
35.0,0.4941,0.9388,-0.042,25.0,135.0
30.0,0.4953,0.9447,-0.0368,30.0,135.0
40.0,0.4965,0.954,-0.0298,20.0,135.0
15.0,0.4977,0.9546,-0.0272,45.0,135.0
10.0,0.4988,0.9536,-0.0255,50.0,135.0
-10.0,0.4977,0.9548,-0.0271,70.0,135.0
0.0,0.4977,0.9548,-0.0271,60.0,135.0
10.0,0.4988,0.9537,-0.0255,50.0,135.0
-20.0,0.4977,0.9517,-0.0286,80.0,135.0
-15.0,0.4965,0.9513,-0.0312,75.0,135.0
0.0,0.4965,0.9513,-0.0312,60.0,135.0
-5.0,0.4954,0.9541,-0.0319,65.0,135.0
-25.0,0.4943,0.9505,-0.0359,85.0,135.0
-25.0,0.4931,0.947,-0.0399,85.0,135.0
-10.0,0.492,0.9482,-0.0415,70.0,135.0
5.0,0.4932,0.9455,-0.0405,55.0,135.0
20.0,0.4943,0.9478,-0.0372,40.0,135.0
-5.0,0.4932,0.9505,-0.038,65.0,135.0
-25.0,0.4921,0.9471,-0.0418,85.0,135.0
-35.0,0.491,0.9406,-0.0472,95.0,135.0
-60.0,0.4898,0.927,-0.0562,120.0,135.0
-55.0,0.4887,0.9153,-0.064,115.0,135.0
-35.0,0.4876,0.9095,-0.0689,95.0,135.0
5.0,0.4888,0.907,-0.0679,55.0,135.0
10.0,0.4899,0.906,-0.0663,50.0,135.0
-5.0,0.4888,0.9086,-0.0671,65.0,135.0
35.0,0.49,0.9156,-0.0614,25.0,135.0
20.0,0.4911,0.9177,-0.0582,40.0,135.0
-20.0,0.49,0.9162,-0.0611,80.0,135.0
0.0,0.49,0.9162,-0.0611,60.0,135.0
15.0,0.4912,0.9167,-0.0585,45.0,135.0
15.0,0.4923,0.9173,-0.0561,45.0,135.0
-10.0,0.4912,0.9185,-0.0576,70.0,135.0
-25.0,0.4901,0.9156,-0.0612,85.0,135.0
0.0,0.4901,0.9156,-0.0612,60.0,135.0
0.0,0.4901,0.9156,-0.0612,60.0,135.0
5.0,0.4912,0.913,-0.0603,55.0,135.0
-15.0,0.4902,0.9129,-0.0623,75.0,135.0
-20.0,0.4891,0.9114,-0.0651,80.0,135.0
20.0,0.4902,0.9135,-0.062,40.0,135.0
5.0,0.4913,0.911,-0.0611,55.0,135.0
-20.0,0.4902,0.9095,-0.064,80.0,135.0
-20.0,0.4892,0.908,-0.0666,80.0,135.0
-20.0,0.4881,0.9065,-0.0694,80.0,135.0
-10.0,0.4871,0.9077,-0.0708,70.0,135.0
-5.0,0.486,0.9102,-0.0716,65.0,135.0
-15.0,0.485,0.91,-0.0736,75.0,135.0
-15.0,0.4839,0.9099,-0.0758,75.0,135.0
25.0,0.485,0.9135,-0.072,35.0,135.0
5.0,0.4861,0.911,-0.0711,55.0,135.0
-35.0,0.4851,0.9057,-0.0755,95.0,135.0
-10.0,0.4841,0.9068,-0.0769,70.0,135.0
25.0,0.4852,0.9104,-0.0731,35.0,135.0
5.0,0.4863,0.9079,-0.0722,55.0,135.0
-10.0,0.4852,0.9091,-0.0737,70.0,135.0
15.0,0.4863,0.9097,-0.0713,45.0,135.0
30.0,0.4874,0.9147,-0.0668,30.0,135.0
30.0,0.4885,0.9196,-0.0623,30.0,135.0
-30.0,0.4874,0.9156,-0.0663,90.0,135.0
-30.0,0.4864,0.9117,-0.0701,90.0,135.0
30.0,0.4875,0.9166,-0.0657,30.0,135.0
50.0,0.4886,0.9273,-0.0583,10.0,135.0
10.0,0.4896,0.9262,-0.0569,50.0,135.0
-20.0,0.4886,0.9248,-0.0595,80.0,135.0
-5.0,0.4876,0.9273,-0.0602,65.0,135.0
-25.0,0.4866,0.9246,-0.0635,85.0,135.0
-30.0,0.4856,0.9208,-0.0673,90.0,135.0
-25.0,0.4846,0.9182,-0.0704,85.0,135.0
-10.0,0.4836,0.9194,-0.0718,70.0,135.0
25.0,0.4847,0.9227,-0.0681,35.0,135.0
20.0,0.4857,0.9245,-0.0653,40.0,135.0
30.0,0.4868,0.9292,-0.0609,30.0,135.0
15.0,0.4878,0.9296,-0.0587,45.0,135.0
-20.0,0.4868,0.9282,-0.0614,80.0,135.0
-10.0,0.4858,0.9294,-0.0627,70.0,135.0
10.0,0.4869,0.9284,-0.0611,50.0,135.0
10.0,0.4879,0.9273,-0.0597,50.0,135.0
-20.0,0.4869,0.926,-0.0622,80.0,135.0
-25.0,0.4859,0.9235,-0.0654,85.0,135.0
5.0,0.487,0.9211,-0.0644,55.0,135.0
20.0,0.488,0.9229,-0.0616,40.0,135.0
10.0,0.489,0.9219,-0.0602,50.0,135.0
20.0,0.49,0.9236,-0.0574,40.0,135.0
25.0,0.4911,0.9268,-0.0537,35.0,135.0
5.0,0.4921,0.9244,-0.053,55.0,135.0
0.0,0.4921,0.9244,-0.053,60.0,135.0
-5.0,0.4911,0.9268,-0.0537,65.0,135.0
5.0,0.4921,0.9244,-0.053,55.0,135.0
5.0,0.4931,0.9221,-0.0522,55.0,135.0
-10.0,0.4921,0.9232,-0.0536,70.0,135.0
5.0,0.4931,0.9209,-0.0528,55.0,135.0
20.0,0.4941,0.9226,-0.05,40.0,135.0
5.0,0.4951,0.9203,-0.0493,55.0,135.0
-5.0,0.4941,0.9227,-0.05,65.0,135.0
15.0,0.4951,0.9231,-0.0479,45.0,135.0
5.0,0.4961,0.9208,-0.0471,55.0,135.0
-5.0,0.4951,0.9231,-0.0479,65.0,135.0
-25.0,0.4942,0.9206,-0.0508,85.0,135.0
-20.0,0.4932,0.9194,-0.0534,80.0,135.0
20.0,0.4942,0.9211,-0.0506,40.0,135.0
5.0,0.4952,0.9188,-0.0498,55.0,135.0
-5.0,0.4942,0.9211,-0.0506,65.0,135.0
5.0,0.4952,0.9189,-0.0498,55.0,135.0
10.0,0.4962,0.918,-0.0483,50.0,135.0
5.0,0.4971,0.9158,-0.0477,55.0,135.0
5.0,0.4981,0.9136,-0.0468,55.0,135.0
10.0,0.499,0.9127,-0.0456,50.0,135.0
-10.0,0.4981,0.9138,-0.0467,70.0,135.0
-5.0,0.4972,0.9161,-0.0473,65.0,135.0
10.0,0.4981,0.9152,-0.046,50.0,135.0
0.0,0.4981,0.9152,-0.046,60.0,135.0
-5.0,0.4972,0.9174,-0.0467,65.0,135.0
0.0,0.4972,0.9174,-0.0467,60.0,135.0
5.0,0.4981,0.9153,-0.046,55.0,135.0
10.0,0.4991,0.9144,-0.0445,50.0,135.0
20.0,0.5,0.9161,-0.0419,40.0,135.0
0.0,0.5,0.9161,-0.0419,60.0,135.0
-5.0,0.4991,0.9184,-0.0425,65.0,135.0
-5.0,0.4981,0.9206,-0.0433,65.0,135.0
5.0,0.4991,0.9185,-0.0425,55.0,135.0
25.0,0.5,0.9215,-0.0393,35.0,135.0
20.0,0.5009,0.9232,-0.0367,40.0,135.0
0.0,0.5009,0.9232,-0.0367,60.0,135.0
5.0,0.5019,0.9211,-0.0358,55.0,135.0
25.0,0.5028,0.924,-0.0326,35.0,135.0
5.0,0.5037,0.9219,-0.0319,55.0,135.0
10.0,0.5046,0.921,-0.0307,50.0,135.0
10.0,0.5055,0.9202,-0.0293,50.0,135.0
-10.0,0.5046,0.9213,-0.0305,70.0,135.0
-5.0,0.5037,0.9235,-0.0311,65.0,135.0
25.0,0.5046,0.9264,-0.0279,35.0,135.0
15.0,0.5055,0.9268,-0.026,45.0,135.0
-5.0,0.5046,0.9291,-0.0266,65.0,135.0
0.0,0.5046,0.9291,-0.0266,60.0,135.0
0.0,0.5046,0.9291,-0.0266,60.0,135.0
20.0,0.5055,0.9307,-0.024,40.0,135.0
0.0,0.5055,0.9307,-0.024,60.0,135.0
-35.0,0.5046,0.9259,-0.0282,95.0,135.0
0.0,0.5046,0.9259,-0.0282,60.0,135.0
20.0,0.5055,0.9275,-0.0256,40.0,135.0
15.0,0.5064,0.9279,-0.0237,45.0,135.0
15.0,0.5072,0.9283,-0.022,45.0,135.0
0.0,0.5072,0.9283,-0.022,60.0,135.0
0.0,0.5072,0.9283,-0.022,60.0,135.0
20.0,0.5081,0.9299,-0.0194,40.0,135.0
25.0,0.509,0.9327,-0.0163,35.0,135.0
0.0,0.509,0.9327,-0.0163,60.0,135.0
5.0,0.5099,0.9306,-0.0156,55.0,135.0
15.0,0.5108,0.931,-0.0136,45.0,135.0
-5.0,0.5099,0.9332,-0.0143,65.0,135.0
-10.0,0.509,0.9343,-0.0154,70.0,135.0
-10.0,0.5081,0.9353,-0.0167,70.0,135.0
-5.0,0.5071,0.9376,-0.0174,65.0,135.0
10.0,0.508,0.9367,-0.0162,50.0,135.0
0.0,0.508,0.9367,-0.0162,60.0,135.0
10.0,0.5089,0.9359,-0.0148,50.0,135.0
30.0,0.5098,0.9399,-0.011,30.0,135.0
10.0,0.5106,0.939,-0.0099,50.0,135.0
-5.0,0.5097,0.9412,-0.0106,65.0,135.0
-5.0,0.5088,0.9434,-0.0112,65.0,135.0
10.0,0.5097,0.9426,-0.0099,50.0,135.0
0.0,0.5097,0.9426,-0.0099,60.0,135.0
-10.0,0.5088,0.9436,-0.0111,70.0,135.0
-5.0,0.5079,0.9458,-0.0117,65.0,135.0
-5.0,0.507,0.948,-0.0124,65.0,135.0
5.0,0.5079,0.946,-0.0116,55.0,135.0
15.0,0.5087,0.9463,-0.0099,45.0,135.0
25.0,0.5096,0.9491,-0.0067,35.0,135.0
10.0,0.5105,0.9483,-0.0054,50.0,135.0
10.0,0.5113,0.9474,-0.0043,50.0,135.0
5.0,0.5122,0.9454,-0.0036,55.0,135.0
-20.0,0.5113,0.944,-0.006,80.0,135.0
-10.0,0.5104,0.945,-0.0073,70.0,135.0
-20.0,0.5095,0.9437,-0.0097,80.0,135.0
-10.0,0.5086,0.9447,-0.0109,70.0,135.0
0.0,0.5086,0.9447,-0.0109,60.0,135.0
-10.0,0.5077,0.9457,-0.0122,70.0,135.0
0.0,0.5077,0.9457,-0.0122,60.0,135.0
-10.0,0.5069,0.9467,-0.0132,70.0,135.0
-5.0,0.506,0.9488,-0.0139,65.0,135.0
-10.0,0.5051,0.9498,-0.0152,70.0,135.0
-5.0,0.5043,0.9519,-0.0157,65.0,135.0
25.0,0.5051,0.9546,-0.0127,35.0,135.0
30.0,0.506,0.9586,-0.0089,30.0,135.0
5.0,0.5068,0.9565,-0.0084,55.0,135.0
10.0,0.5076,0.9557,-0.0073,50.0,135.0
10.0,0.5085,0.9549,-0.0059,50.0,135.0
0.0,0.5085,0.9549,-0.0059,60.0,135.0
5.0,0.5093,0.9529,-0.0054,55.0,135.0
-5.0,0.5084,0.955,-0.0061,65.0,135.0
20.0,0.5093,0.9565,-0.0036,40.0,135.0
30.0,0.5101,0.9604,0.0,30.0,135.0
-5.0,0.5092,0.9625,-0.0007,65.0,135.0
-5.0,0.5084,0.9646,-0.0012,65.0,135.0
10.0,0.5092,0.9638,-0.0,50.0,135.0
15.0,0.51,0.9642,0.0017,45.0,135.0
10.0,0.5109,0.9633,0.003,50.0,135.0
-15.0,0.51,0.9631,0.0012,75.0,135.0
10.0,0.5108,0.9623,0.0023,50.0,135.0
20.0,0.5116,0.9638,0.0047,40.0,135.0
-5.0,0.5108,0.9659,0.0042,65.0,135.0
5.0,0.5116,0.9639,0.0047,55.0,135.0
5.0,0.5124,0.962,0.0053,55.0,135.0
5.0,0.5132,0.96,0.0059,55.0,135.0
0.0,0.5132,0.96,0.0059,60.0,135.0
5.0,0.514,0.9581,0.0065,55.0,135.0
10.0,0.5148,0.9573,0.0076,50.0,135.0
10.0,0.5156,0.9565,0.0088,50.0,135.0
5.0,0.5164,0.9546,0.0094,55.0,135.0
0.0,0.5164,0.9546,0.0094,60.0,135.0
-5.0,0.5155,0.9567,0.0087,65.0,135.0
-20.0,0.5147,0.9553,0.0064,80.0,135.0
-30.0,0.5139,0.9517,0.003,90.0,135.0
-30.0,0.513,0.9481,-0.0006,90.0,135.0
-5.0,0.5122,0.9501,-0.0012,65.0,135.0
-5.0,0.5114,0.9522,-0.0016,65.0,135.0
-15.0,0.5105,0.952,-0.0035,75.0,135.0
5.0,0.5113,0.9501,-0.0029,55.0,135.0
20.0,0.5121,0.9516,-0.0006,40.0,135.0
5.0,0.5129,0.9497,0.0,55.0,135.0
-30.0,0.5121,0.9461,-0.0034,90.0,135.0
-30.0,0.5113,0.9427,-0.0067,90.0,135.0
0.0,0.5113,0.9427,-0.0067,60.0,135.0
-25.0,0.5104,0.9403,-0.0097,85.0,135.0
-45.0,0.5096,0.9337,-0.0146,105.0,135.0
-35.0,0.5088,0.9293,-0.0184,95.0,135.0
-10.0,0.508,0.9302,-0.0195,70.0,135.0
5.0,0.5088,0.9284,-0.0188,55.0,135.0
-5.0,0.508,0.9303,-0.0194,65.0,135.0
-10.0,0.5072,0.9313,-0.0204,70.0,135.0
-10.0,0.5063,0.9322,-0.0217,70.0,135.0
-15.0,0.5055,0.932,-0.0234,75.0,135.0
-20.0,0.5047,0.9308,-0.0255,80.0,135.0
5.0,0.5055,0.929,-0.0249,55.0,135.0
10.0,0.5063,0.9283,-0.0237,50.0,135.0
5.0,0.5071,0.9265,-0.0231,55.0,135.0
10.0,0.5079,0.9258,-0.0219,50.0,135.0
10.0,0.5086,0.9251,-0.0209,50.0,135.0
10.0,0.5094,0.9244,-0.0197,50.0,135.0
0.0,0.5094,0.9244,-0.0197,60.0,135.0
-5.0,0.5086,0.9263,-0.0203,65.0,135.0
-15.0,0.5078,0.9262,-0.0219,75.0,135.0
-5.0,0.507,0.9281,-0.0225,65.0,135.0
20.0,0.5078,0.9295,-0.0202,40.0,135.0
0.0,0.5078,0.9295,-0.0202,60.0,135.0
-15.0,0.507,0.9294,-0.0218,75.0,135.0
-10.0,0.5062,0.9302,-0.0229,70.0,135.0
-15.0,0.5054,0.9301,-0.0245,75.0,135.0
-5.0,0.5046,0.932,-0.0251,65.0,135.0
5.0,0.5054,0.9302,-0.0245,55.0,135.0
-5.0,0.5046,0.9321,-0.0251,65.0,135.0
0.0,0.5046,0.9321,-0.0251,60.0,135.0
-5.0,0.5039,0.934,-0.0255,65.0,135.0
-35.0,0.5031,0.9297,-0.0292,95.0,135.0
-25.0,0.5023,0.9276,-0.0318,85.0,135.0
5.0,0.5031,0.9258,-0.0311,55.0,135.0
-20.0,0.5023,0.9247,-0.0332,80.0,135.0
-10.0,0.5015,0.9255,-0.0344,70.0,135.0
35.0,0.5023,0.9302,-0.0305,25.0,135.0
35.0,0.503,0.9348,-0.0268,25.0,135.0
45.0,0.5038,0.9415,-0.0219,15.0,135.0
50.0,0.5046,0.9492,-0.0164,10.0,135.0
25.0,0.5053,0.9516,-0.0139,35.0,135.0
10.0,0.5061,0.9509,-0.0126,50.0,135.0
5.0,0.5068,0.9491,-0.0122,55.0,135.0
-10.0,0.506,0.9499,-0.0134,70.0,135.0
-10.0,0.5053,0.9508,-0.0143,70.0,135.0
0.0,0.5053,0.9508,-0.0143,60.0,135.0
0.0,0.5053,0.9508,-0.0143,60.0,135.0
0.0,0.5053,0.9508,-0.0143,60.0,135.0
15.0,0.506,0.9511,-0.0127,45.0,135.0
55.0,0.5068,0.9597,-0.0068,5.0,135.0
95.0,0.5075,0.9766,0.0031,0.0,135.0
35.0,0.5082,0.981,0.0067,60.0,135.0
-45.0,0.5075,0.9746,0.0021,140.0,140.0
-15.0,0.5067,0.9745,0.0005,110.0,140.0
5.0,0.5075,0.9726,0.0011,90.0,140.0
10.0,0.5082,0.9718,0.0021,85.0,140.0
80.0,0.5089,0.9853,0.0103,15.0,140.0
45.0,0.5097,0.9916,0.0151,50.0,140.0
-25.0,0.5089,0.9894,0.0124,120.0,140.0
10.0,0.5096,0.9885,0.0133,85.0,140.0
35.0,0.5104,0.9927,0.0171,60.0,140.0
-5.0,0.5096,0.9947,0.0165,100.0,140.0
5.0,0.5103,0.9928,0.0169,90.0,140.0
70.0,0.511,1.004,0.024,25.0,140.0
-25.0,0.5103,1.0018,0.0215,120.0,140.0
-140.0,0.5095,0.9762,0.0069,235.0,235.0
-65.0,0.5088,0.9664,0.0005,160.0,235.0
60.0,0.5095,0.9752,0.0064,35.0,235.0
80.0,0.5102,0.9878,0.0142,15.0,235.0
15.0,0.5109,0.9878,0.0156,80.0,235.0
-35.0,0.5102,0.9839,0.0122,130.0,235.0
10.0,0.5109,0.983,0.0131,85.0,235.0
60.0,0.5116,0.9916,0.0189,35.0,235.0
10.0,0.5123,0.9907,0.0198,85.0,235.0
-90.0,0.5116,0.9761,0.011,185.0,235.0
-35.0,0.5109,0.9724,0.0077,130.0,235.0
55.0,0.5116,0.9798,0.0129,40.0,235.0
0.0,0.5116,0.9798,0.0129,95.0,235.0
-40.0,0.5108,0.9752,0.0089,135.0,235.0
-20.0,0.5101,0.9743,0.0071,115.0,235.0
-25.0,0.5094,0.9725,0.0048,120.0,235.0
-15.0,0.5086,0.9725,0.0032,110.0,235.0
0.0,0.5086,0.9725,0.0032,95.0,235.0
-25.0,0.5079,0.9708,0.001,120.0,235.0
-15.0,0.5072,0.9708,-0.0004,110.0,235.0
5.0,0.5079,0.969,0.0001,90.0,235.0
20.0,0.5086,0.9699,0.0019,75.0,235.0
40.0,0.5093,0.9745,0.0056,55.0,235.0
20.0,0.51,0.9754,0.0075,75.0,235.0
-30.0,0.5092,0.9727,0.0045,125.0,235.0
-30.0,0.5085,0.9701,0.0018,125.0,235.0
-15.0,0.5078,0.9702,0.0005,110.0,235.0
0.0,0.5078,0.9702,0.0005,95.0,235.0
20.0,0.5085,0.9711,0.0023,75.0,235.0
-20.0,0.5078,0.9703,0.0005,115.0,235.0
-10.0,0.5071,0.9712,-0.0004,105.0,235.0
30.0,0.5078,0.9739,0.0023,65.0,235.0
-10.0,0.507,0.9749,0.0013,105.0,235.0
0.0,0.507,0.9749,0.0013,95.0,235.0
45.0,0.5077,0.9803,0.0054,50.0,235.0
25.0,0.5084,0.9821,0.0077,70.0,235.0
-30.0,0.5077,0.9794,0.0049,125.0,235.0
-35.0,0.507,0.9759,0.0018,130.0,235.0
-10.0,0.5063,0.9769,0.0009,105.0,235.0
-5.0,0.5056,0.9788,0.0005,100.0,235.0
-15.0,0.5049,0.9789,-0.0009,110.0,235.0
-35.0,0.5042,0.9754,-0.004,130.0,235.0
-10.0,0.5035,0.9764,-0.0049,105.0,235.0
-15.0,0.5028,0.9765,-0.0062,110.0,235.0
-10.0,0.5021,0.9775,-0.0071,105.0,235.0
-5.0,0.5014,0.9793,-0.0076,100.0,235.0
-35.0,0.5007,0.9759,-0.0107,130.0,235.0
-30.0,0.5,0.9734,-0.0133,125.0,235.0
-10.0,0.4993,0.9744,-0.0142,105.0,235.0
-15.0,0.4986,0.9745,-0.0155,110.0,235.0
15.0,0.4993,0.9744,-0.0142,80.0,235.0
30.0,0.5,0.9771,-0.0115,65.0,235.0
-10.0,0.4993,0.978,-0.0124,105.0,235.0
-15.0,0.4986,0.9781,-0.0137,110.0,235.0
-10.0,0.4979,0.9791,-0.0146,105.0,235.0
-5.0,0.4973,0.9809,-0.0149,100.0,235.0
-5.0,0.4966,0.9827,-0.0154,100.0,235.0
10.0,0.4973,0.9817,-0.0145,85.0,235.0
10.0,0.498,0.9808,-0.0136,85.0,235.0
-10.0,0.4973,0.9818,-0.0145,105.0,235.0
-10.0,0.4966,0.9827,-0.0154,105.0,235.0
0.0,0.4966,0.9827,-0.0154,95.0,235.0
-20.0,0.4959,0.9819,-0.0172,115.0,235.0
-30.0,0.4953,0.9795,-0.0196,125.0,235.0
-5.0,0.4946,0.9812,-0.0201,100.0,235.0
25.0,0.4953,0.983,-0.0178,70.0,235.0
5.0,0.496,0.9812,-0.0173,90.0,235.0
-35.0,0.4953,0.9779,-0.0203,130.0,235.0
-30.0,0.4946,0.9755,-0.0229,125.0,235.0
-5.0,0.494,0.9772,-0.0233,100.0,235.0
0.0,0.494,0.9772,-0.0233,95.0,235.0
-5.0,0.4933,0.979,-0.0238,100.0,235.0
-15.0,0.4926,0.9791,-0.0251,110.0,235.0
-25.0,0.492,0.9775,-0.0271,120.0,235.0
-5.0,0.4913,0.9792,-0.0276,100.0,235.0
15.0,0.492,0.9792,-0.0262,80.0,235.0
5.0,0.4927,0.9774,-0.0257,90.0,235.0
-5.0,0.492,0.9792,-0.0262,100.0,235.0
0.0,0.492,0.9792,-0.0262,95.0,235.0
-30.0,0.4914,0.9768,-0.0286,125.0,235.0
-25.0,0.4907,0.9752,-0.0308,120.0,235.0
5.0,0.4914,0.9734,-0.0303,90.0,235.0
5.0,0.4921,0.9717,-0.0297,90.0,235.0
5.0,0.4927,0.9699,-0.0294,90.0,235.0
25.0,0.4934,0.9717,-0.0272,70.0,235.0
20.0,0.4941,0.9725,-0.0254,75.0,235.0
-10.0,0.4934,0.9734,-0.0263,105.0,235.0
10.0,0.4941,0.9725,-0.0254,85.0,235.0
-10.0,0.4934,0.9734,-0.0263,105.0,235.0
-15.0,0.4928,0.9735,-0.0275,110.0,235.0
10.0,0.4935,0.9726,-0.0265,85.0,235.0
5.0,0.4941,0.9709,-0.0262,90.0,235.0
5.0,0.4948,0.9692,-0.0256,90.0,235.0
-5.0,0.4941,0.9709,-0.0262,100.0,235.0
0.0,0.4941,0.9709,-0.0262,95.0,235.0
-25.0,0.4935,0.9694,-0.0281,120.0,235.0
-35.0,0.4928,0.9662,-0.0311,130.0,235.0
-20.0,0.4922,0.9655,-0.0326,115.0,235.0
-20.0,0.4916,0.9648,-0.0341,115.0,235.0
10.0,0.4922,0.964,-0.0333,85.0,235.0
20.0,0.4929,0.9648,-0.0316,75.0,235.0
5.0,0.4935,0.9631,-0.0312,90.0,235.0
0.0,0.4935,0.9631,-0.0312,95.0,235.0
5.0,0.4942,0.9615,-0.0306,90.0,235.0
15.0,0.4948,0.9615,-0.0294,80.0,235.0
25.0,0.4955,0.9631,-0.0273,70.0,235.0
10.0,0.4961,0.9623,-0.0265,85.0,235.0
30.0,0.4968,0.9648,-0.0239,65.0,235.0
45.0,0.4974,0.9698,-0.0202,50.0,235.0
5.0,0.4981,0.9681,-0.0197,90.0,235.0
0.0,0.4981,0.9681,-0.0197,95.0,235.0
20.0,0.4987,0.9689,-0.0181,75.0,235.0
15.0,0.4994,0.9689,-0.0167,80.0,235.0
0.0,0.4994,0.9689,-0.0167,95.0,235.0
-20.0,0.4987,0.9682,-0.0185,115.0,235.0
-20.0,0.4981,0.9675,-0.02,115.0,235.0
10.0,0.4987,0.9667,-0.0192,85.0,235.0
15.0,0.4994,0.9667,-0.0178,80.0,235.0
20.0,0.5,0.9675,-0.0162,75.0,235.0
-10.0,0.4994,0.9683,-0.017,105.0,235.0
-70.0,0.4987,0.9599,-0.0226,165.0,235.0
-40.0,0.4981,0.9561,-0.0257,135.0,235.0
-5.0,0.4975,0.9578,-0.026,100.0,235.0
-10.0,0.4968,0.9587,-0.0269,105.0,235.0
30.0,0.4975,0.9611,-0.0244,65.0,235.0
30.0,0.4981,0.9635,-0.022,65.0,235.0
5.0,0.4987,0.9618,-0.0217,90.0,235.0
15.0,0.4994,0.9618,-0.0203,80.0,235.0
0.0,0.4994,0.9618,-0.0203,95.0,235.0
-15.0,0.4987,0.9619,-0.0216,110.0,235.0
5.0,0.4994,0.9603,-0.021,90.0,235.0
5.0,0.5,0.9587,-0.0207,90.0,235.0
-5.0,0.4994,0.9603,-0.021,100.0,235.0
0.0,0.4994,0.9603,-0.021,95.0,235.0
-10.0,0.4988,0.9612,-0.0218,105.0,235.0
-15.0,0.4981,0.9613,-0.0231,110.0,235.0
-20.0,0.4975,0.9607,-0.0246,115.0,235.0
-5.0,0.4969,0.9623,-0.0249,100.0,235.0
10.0,0.4975,0.9615,-0.0242,85.0,235.0
-5.0,0.4969,0.9631,-0.0245,100.0,235.0
-5.0,0.4963,0.9647,-0.0249,100.0,235.0
15.0,0.4969,0.9647,-0.0237,80.0,235.0
5.0,0.4975,0.9631,-0.0234,90.0,235.0
-5.0,0.4969,0.9647,-0.0237,100.0,235.0
15.0,0.4975,0.9647,-0.0226,80.0,235.0
-10.0,0.4969,0.9655,-0.0233,105.0,235.0
-15.0,0.4963,0.9656,-0.0245,110.0,235.0
-5.0,0.4957,0.9672,-0.0249,100.0,235.0
-25.0,0.4951,0.9658,-0.0267,120.0,235.0
0.0,0.4951,0.9658,-0.0267,95.0,235.0
25.0,0.4957,0.9674,-0.0248,70.0,235.0
20.0,0.4963,0.9681,-0.0232,75.0,235.0
10.0,0.4969,0.9673,-0.0224,85.0,235.0
0.0,0.4969,0.9673,-0.0224,95.0,235.0
-5.0,0.4963,0.9689,-0.0228,100.0,235.0
-15.0,0.4957,0.969,-0.024,110.0,235.0
-5.0,0.4951,0.9706,-0.0244,100.0,235.0
10.0,0.4957,0.9698,-0.0236,85.0,235.0
5.0,0.4964,0.9682,-0.023,90.0,235.0
-5.0,0.4958,0.9698,-0.0234,100.0,235.0
-10.0,0.4952,0.9706,-0.0242,105.0,235.0
-15.0,0.4946,0.9707,-0.0253,110.0,235.0
-5.0,0.494,0.9723,-0.0257,100.0,235.0
-5.0,0.4934,0.9738,-0.0261,100.0,235.0
5.0,0.494,0.9723,-0.0257,90.0,235.0
10.0,0.4946,0.9715,-0.0249,85.0,235.0
-10.0,0.494,0.9723,-0.0257,105.0,235.0
-10.0,0.4934,0.9731,-0.0265,105.0,235.0
-5.0,0.4928,0.9747,-0.0269,100.0,235.0
0.0,0.4928,0.9747,-0.0269,95.0,235.0
5.0,0.4934,0.9731,-0.0265,90.0,235.0
5.0,0.494,0.9715,-0.0261,90.0,235.0
0.0,0.494,0.9715,-0.0261,95.0,235.0
-15.0,0.4934,0.9716,-0.0272,110.0,235.0
-5.0,0.4928,0.9731,-0.0277,100.0,235.0
10.0,0.4934,0.9723,-0.0269,85.0,235.0
5.0,0.494,0.9708,-0.0264,90.0,235.0
5.0,0.4946,0.9692,-0.026,90.0,235.0
10.0,0.4952,0.9685,-0.0252,85.0,235.0
15.0,0.4958,0.9685,-0.024,80.0,235.0
-5.0,0.4953,0.97,-0.0243,100.0,235.0
-10.0,0.4947,0.9708,-0.025,105.0,235.0
5.0,0.4953,0.9693,-0.0246,90.0,235.0
5.0,0.4959,0.9677,-0.0242,90.0,235.0
0.0,0.4959,0.9677,-0.0242,95.0,235.0
10.0,0.4965,0.967,-0.0234,85.0,235.0
10.0,0.4971,0.9662,-0.0226,85.0,235.0
-15.0,0.4965,0.9663,-0.0237,110.0,235.0
-10.0,0.4959,0.9671,-0.0245,105.0,235.0
5.0,0.4965,0.9656,-0.0241,90.0,235.0
-10.0,0.4959,0.9663,-0.0249,105.0,235.0
-20.0,0.4953,0.9657,-0.0264,115.0,235.0
-15.0,0.4947,0.9657,-0.0276,110.0,235.0
-15.0,0.4942,0.9657,-0.0286,110.0,235.0
-5.0,0.4936,0.9672,-0.029,100.0,235.0
10.0,0.4942,0.9665,-0.0282,85.0,235.0
15.0,0.4948,0.9665,-0.027,80.0,235.0
0.0,0.4948,0.9665,-0.027,95.0,235.0
-15.0,0.4942,0.9666,-0.0281,110.0,235.0
0.0,0.4942,0.9666,-0.0281,95.0,235.0
-5.0,0.4936,0.9681,-0.0285,100.0,235.0
-20.0,0.493,0.9674,-0.0301,115.0,235.0
-10.0,0.4925,0.9682,-0.0307,105.0,235.0
5.0,0.4931,0.9666,-0.0303,90.0,235.0
10.0,0.4936,0.9659,-0.0296,85.0,235.0
0.0,0.4936,0.9659,-0.0296,95.0,235.0
-5.0,0.4931,0.9674,-0.0299,100.0,235.0
-5.0,0.4925,0.9689,-0.0303,100.0,235.0
-10.0,0.4919,0.9696,-0.0312,105.0,235.0
15.0,0.4925,0.9697,-0.0299,80.0,235.0
-5.0,0.492,0.9711,-0.0302,100.0,235.0
-30.0,0.4914,0.969,-0.0324,125.0,235.0
-25.0,0.4908,0.9676,-0.0343,120.0,235.0
-20.0,0.4903,0.9669,-0.0356,115.0,235.0
15.0,0.4908,0.967,-0.0346,80.0,235.0
5.0,0.4914,0.9655,-0.0342,90.0,235.0
5.0,0.492,0.964,-0.0337,90.0,235.0
20.0,0.4926,0.9648,-0.0321,75.0,235.0
5.0,0.4932,0.9633,-0.0317,90.0,235.0
15.0,0.4937,0.9634,-0.0307,80.0,235.0
15.0,0.4943,0.9634,-0.0295,80.0,235.0
0.0,0.4943,0.9634,-0.0295,95.0,235.0
0.0,0.4943,0.9634,-0.0295,95.0,235.0
0.0,0.4943,0.9634,-0.0295,95.0,235.0
-10.0,0.4938,0.9642,-0.0301,105.0,235.0
-25.0,0.4932,0.9628,-0.0319,120.0,235.0
-5.0,0.4926,0.9642,-0.0324,100.0,235.0
10.0,0.4932,0.9635,-0.0316,85.0,235.0
-10.0,0.4927,0.9643,-0.0322,105.0,235.0
-35.0,0.4921,0.9615,-0.0347,130.0,235.0
-15.0,0.4915,0.9615,-0.0359,110.0,235.0
5.0,0.4921,0.9601,-0.0354,90.0,235.0
-15.0,0.4916,0.9601,-0.0364,110.0,235.0
-5.0,0.491,0.9616,-0.0369,100.0,235.0
5.0,0.4916,0.9601,-0.0364,90.0,235.0
0.0,0.4916,0.9601,-0.0364,95.0,235.0
-10.0,0.491,0.9608,-0.0372,105.0,235.0
-5.0,0.4905,0.9623,-0.0375,100.0,235.0
0.0,0.4905,0.9623,-0.0375,95.0,235.0
-10.0,0.4899,0.963,-0.0383,105.0,235.0
-10.0,0.4894,0.9637,-0.039,105.0,235.0
-15.0,0.4888,0.9637,-0.0401,110.0,235.0
-15.0,0.4883,0.9637,-0.0411,110.0,235.0
0.0,0.4883,0.9637,-0.0411,95.0,235.0
10.0,0.4889,0.9631,-0.0402,85.0,235.0
20.0,0.4894,0.9639,-0.0389,75.0,235.0
0.0,0.4894,0.9639,-0.0389,95.0,235.0
-15.0,0.4889,0.9639,-0.0398,110.0,235.0
10.0,0.4895,0.9632,-0.039,85.0,235.0
10.0,0.49,0.9625,-0.0384,85.0,235.0
5.0,0.4906,0.9611,-0.0379,90.0,235.0
10.0,0.4912,0.9604,-0.0371,85.0,235.0
-20.0,0.4906,0.9597,-0.0386,115.0,235.0
-30.0,0.4901,0.9577,-0.0405,125.0,235.0
-5.0,0.4895,0.9591,-0.041,100.0,235.0
15.0,0.4901,0.9592,-0.0398,80.0,235.0
5.0,0.4906,0.9578,-0.0395,90.0,235.0
-10.0,0.4901,0.9585,-0.0401,105.0,235.0
15.0,0.4907,0.9585,-0.039,80.0,235.0
25.0,0.4912,0.9601,-0.0372,70.0,235.0
15.0,0.4918,0.9601,-0.036,80.0,235.0
0.0,0.4918,0.9601,-0.036,95.0,235.0
-20.0,0.4912,0.9595,-0.0375,115.0,235.0
-15.0,0.4907,0.9595,-0.0385,110.0,235.0
5.0,0.4913,0.9581,-0.038,90.0,235.0
5.0,0.4918,0.9567,-0.0377,90.0,235.0
5.0,0.4924,0.9553,-0.0372,90.0,235.0
15.0,0.4929,0.9554,-0.0362,80.0,235.0
5.0,0.4935,0.954,-0.0357,90.0,235.0
5.0,0.494,0.9526,-0.0354,90.0,235.0
25.0,0.4946,0.9541,-0.0335,70.0,235.0
30.0,0.4951,0.9564,-0.0314,65.0,235.0
20.0,0.4957,0.9572,-0.0298,75.0,235.0
20.0,0.4962,0.9579,-0.0285,75.0,235.0
0.0,0.4962,0.9579,-0.0285,95.0,235.0
-30.0,0.4957,0.9559,-0.0305,125.0,235.0
-15.0,0.4951,0.956,-0.0316,110.0,235.0
-15.0,0.4946,0.956,-0.0326,110.0,235.0
-20.0,0.4941,0.9554,-0.0338,115.0,235.0
5.0,0.4946,0.954,-0.0336,90.0,235.0
5.0,0.4952,0.9526,-0.0331,90.0,235.0
10.0,0.4957,0.952,-0.0324,85.0,235.0
10.0,0.4962,0.9514,-0.0317,85.0,235.0
-15.0,0.4957,0.9514,-0.0327,110.0,235.0
-5.0,0.4952,0.9528,-0.033,100.0,235.0
-10.0,0.4947,0.9534,-0.0337,105.0,235.0
-5.0,0.4941,0.9548,-0.0341,100.0,235.0
0.0,0.4941,0.9548,-0.0341,95.0,235.0
-10.0,0.4936,0.9555,-0.0348,105.0,235.0
-25.0,0.4931,0.9542,-0.0364,120.0,235.0
-35.0,0.4926,0.9516,-0.0386,130.0,235.0
-15.0,0.492,0.9516,-0.0398,110.0,235.0
0.0,0.492,0.9516,-0.0398,95.0,235.0
5.0,0.4926,0.9503,-0.0393,90.0,235.0
10.0,0.4931,0.9496,-0.0387,85.0,235.0
20.0,0.4936,0.9504,-0.0373,75.0,235.0
-5.0,0.4931,0.9518,-0.0376,100.0,235.0
-25.0,0.4926,0.9505,-0.0392,120.0,235.0
-10.0,0.4921,0.9512,-0.0398,105.0,235.0
5.0,0.4926,0.9498,-0.0395,90.0,235.0
-10.0,0.4921,0.9505,-0.0402,105.0,235.0
-15.0,0.4916,0.9505,-0.0411,110.0,235.0
0.0,0.4916,0.9505,-0.0411,95.0,235.0
0.0,0.4916,0.9505,-0.0411,95.0,235.0
15.0,0.4921,0.9506,-0.0401,80.0,235.0
10.0,0.4926,0.95,-0.0394,85.0,235.0
0.0,0.4926,0.95,-0.0394,95.0,235.0
10.0,0.4932,0.9494,-0.0386,85.0,235.0
30.0,0.4937,0.9515,-0.0365,65.0,235.0
20.0,0.4942,0.9523,-0.0352,75.0,235.0
-25.0,0.4937,0.951,-0.0368,120.0,235.0
-10.0,0.4932,0.9517,-0.0374,105.0,235.0
10.0,0.4937,0.9511,-0.0367,85.0,235.0
20.0,0.4943,0.9519,-0.0352,75.0,235.0
20.0,0.4948,0.9526,-0.0339,75.0,235.0
10.0,0.4953,0.952,-0.0332,85.0,235.0
30.0,0.4958,0.9541,-0.0312,65.0,235.0
20.0,0.4964,0.9549,-0.0296,75.0,235.0
0.0,0.4964,0.9549,-0.0296,95.0,235.0
-15.0,0.4959,0.9549,-0.0306,110.0,235.0
-20.0,0.4953,0.9543,-0.032,115.0,235.0
-10.0,0.4948,0.955,-0.0327,105.0,235.0
0.0,0.4948,0.955,-0.0327,95.0,235.0
15.0,0.4953,0.955,-0.0317,80.0,235.0
20.0,0.4959,0.9558,-0.0301,75.0,235.0
-5.0,0.4954,0.9571,-0.0305,100.0,235.0
-30.0,0.4948,0.9552,-0.0326,125.0,235.0
-5.0,0.4943,0.9565,-0.0329,100.0,235.0
10.0,0.4949,0.9559,-0.032,85.0,235.0
-20.0,0.4943,0.9553,-0.0335,115.0,235.0
-20.0,0.4938,0.9547,-0.0348,115.0,235.0
-15.0,0.4933,0.9547,-0.0357,110.0,235.0
-30.0,0.4928,0.9528,-0.0377,125.0,235.0
15.0,0.4933,0.9529,-0.0366,80.0,235.0
50.0,0.4939,0.9577,-0.0331,45.0,235.0
25.0,0.4944,0.9591,-0.0314,70.0,235.0
5.0,0.4949,0.9578,-0.0311,90.0,235.0
5.0,0.4954,0.9565,-0.0307,90.0,235.0
-5.0,0.4949,0.9578,-0.0311,100.0,235.0
10.0,0.4954,0.9572,-0.0304,85.0,235.0
35.0,0.4959,0.9599,-0.0281,60.0,235.0
0.0,0.4959,0.9599,-0.0281,95.0,235.0
-25.0,0.4954,0.9587,-0.0297,120.0,235.0
-10.0,0.4949,0.9594,-0.0303,105.0,235.0
5.0,0.4954,0.9581,-0.03,90.0,235.0
-15.0,0.4949,0.9581,-0.0309,110.0,235.0
-5.0,0.4944,0.9594,-0.0313,100.0,235.0
15.0,0.4949,0.9594,-0.0303,80.0,235.0
5.0,0.4955,0.9582,-0.0297,90.0,235.0
25.0,0.496,0.9595,-0.0281,70.0,235.0
15.0,0.4965,0.9596,-0.0271,80.0,235.0
0.0,0.4965,0.9596,-0.0271,95.0,235.0
10.0,0.497,0.959,-0.0264,85.0,235.0
5.0,0.4975,0.9577,-0.026,90.0,235.0
-5.0,0.497,0.959,-0.0264,100.0,235.0
-10.0,0.4965,0.9596,-0.0271,105.0,235.0
-15.0,0.496,0.9597,-0.028,110.0,235.0
-10.0,0.4955,0.9603,-0.0287,105.0,235.0
5.0,0.496,0.9591,-0.0283,90.0,235.0
0.0,0.496,0.9591,-0.0283,95.0,235.0
0.0,0.496,0.9591,-0.0283,95.0,235.0
5.0,0.4965,0.9578,-0.028,90.0,235.0
-15.0,0.496,0.9578,-0.0289,110.0,235.0
-5.0,0.4955,0.9591,-0.0293,100.0,235.0
20.0,0.496,0.9598,-0.0279,75.0,235.0
0.0,0.496,0.9598,-0.0279,95.0,235.0
-5.0,0.4955,0.9611,-0.0283,100.0,235.0
-25.0,0.495,0.9598,-0.0299,120.0,235.0
-25.0,0.4945,0.9586,-0.0315,120.0,235.0
5.0,0.495,0.9574,-0.0311,90.0,235.0
5.0,0.4955,0.9561,-0.0308,90.0,235.0
10.0,0.496,0.9555,-0.0301,85.0,235.0
5.0,0.4965,0.9543,-0.0297,90.0,235.0
-10.0,0.496,0.9549,-0.0304,105.0,235.0
-20.0,0.4956,0.9543,-0.0314,115.0,235.0
-5.0,0.4951,0.9556,-0.0318,100.0,235.0
-15.0,0.4946,0.9556,-0.0328,110.0,235.0
-35.0,0.4941,0.9532,-0.0349,130.0,235.0
5.0,0.4946,0.9519,-0.0346,90.0,235.0
25.0,0.4951,0.9533,-0.0329,70.0,235.0
0.0,0.4951,0.9533,-0.0329,95.0,235.0
-10.0,0.4946,0.9539,-0.0336,105.0,235.0
0.0,0.4946,0.9539,-0.0336,95.0,235.0
5.0,0.4951,0.9527,-0.0332,90.0,235.0
0.0,0.4951,0.9527,-0.0332,95.0,235.0
5.0,0.4956,0.9515,-0.0328,90.0,235.0
25.0,0.4961,0.9528,-0.0312,70.0,235.0
10.0,0.4966,0.9522,-0.0305,85.0,235.0
10.0,0.4971,0.9517,-0.0298,85.0,235.0
5.0,0.4976,0.9504,-0.0295,90.0,235.0
-5.0,0.4971,0.9517,-0.0298,100.0,235.0
0.0,0.4971,0.9517,-0.0298,95.0,235.0
30.0,0.4976,0.9537,-0.0278,65.0,235.0
35.0,0.4981,0.9563,-0.0256,60.0,235.0
0.0,0.4981,0.9563,-0.0256,95.0,235.0
5.0,0.4985,0.9551,-0.0254,90.0,235.0
0.0,0.4985,0.9551,-0.0254,95.0,235.0
-15.0,0.4981,0.9551,-0.0262,110.0,235.0
-30.0,0.4976,0.9533,-0.028,125.0,235.0
-15.0,0.4971,0.9534,-0.029,110.0,235.0
0.0,0.4971,0.9534,-0.029,95.0,235.0
0.0,0.4971,0.9534,-0.029,95.0,235.0
0.0,0.4971,0.9534,-0.029,95.0,235.0
0.0,0.4971,0.9534,-0.029,95.0,235.0
25.0,0.4976,0.9547,-0.0273,70.0,235.0
